status,msrp_enabled,store_id,weight,color,image,options_container,qty,images,image_urls,is_qty_decimal,sku,use_config_enable_qty_increments,use_config_notify_stock_qty,msrp_display_actual_price_type,page_layout,tax_class_id,gift_message_available,short_description,attribute_set,stock_status_changed_automatically,size,type,thumbnail,store,product_type_id,use_config_manage_stock,meta_title,backorders,description,min_sale_qty,price,max_sale_qty,is_in_stock,is_decimal_divided,visibility,use_config_enable_qty_inc,min_qty,qty_increments,categories,manage_stock,enable_qty_increments,name,sizes,use_config_min_sale_qty,small_image,stock_status_changed_auto,websites,product_name,use_config_min_qty,use_config_max_sale_qty,use_config_qty_increments,has_options,use_config_backorders,image_paths
,Use config,0,1,Navy,full/63d1e700c2aa0ddc18fb2f9bc8c173dc5160d385.jpg,Product Info Column,,,"http://img.tjmaxx.com/tjx?set=DisplayName[e3],prd[1000028121_NS1003584],ag[no]&call=url[file:tjxrPRD2.chain]",0,1000028121_Navy,1,1,Use config,No layout updates,,No,,ColorOnly,0,,,full/63d1e700c2aa0ddc18fb2f9bc8c173dc5160d385.jpg,admin,simple,1,,0,,1,,0,,0,,1,0,0,/tjmaxx/luggage/weekenders & duffels,0,0,"<H1 Class=""Product-Brand"">Maker &Amp; Company</H1>",,1,full/63d1e700c2aa0ddc18fb2f9bc8c173dc5160d385.jpg,0,base,,1,1,1,0,1,full/63d1e700c2aa0ddc18fb2f9bc8c173dc5160d385.jpg
,Use config,0,1,Olive,full/63d1e700c2aa0ddc18fb2f9bc8c173dc5160d385.jpg,Product Info Column,,,"http://img.tjmaxx.com/tjx?set=DisplayName[e3],prd[1000028121_NS1003584],ag[no]&call=url[file:tjxrPRD2.chain]",0,1000028121_Olive,1,1,Use config,No layout updates,,No,,ColorOnly,0,,,full/63d1e700c2aa0ddc18fb2f9bc8c173dc5160d385.jpg,admin,simple,1,,0,,1,,0,,0,,1,0,0,/tjmaxx/luggage/weekenders & duffels,0,0,"<H1 Class=""Product-Brand"">Maker &Amp; Company</H1>",,1,full/63d1e700c2aa0ddc18fb2f9bc8c173dc5160d385.jpg,0,base,,1,1,1,0,1,full/63d1e700c2aa0ddc18fb2f9bc8c173dc5160d385.jpg
,Use config,0,1,,full/63d1e700c2aa0ddc18fb2f9bc8c173dc5160d385.jpg,Product Info Column,,,"http://img.tjmaxx.com/tjx?set=DisplayName[e3],prd[1000028121_NS1003584],ag[no]&call=url[file:tjxrPRD2.chain]",0,1000028121,1,1,Use config,No layout updates,,No,,ColorOnly,0,,,full/63d1e700c2aa0ddc18fb2f9bc8c173dc5160d385.jpg,admin,simple,1,,0,"Features: Contrast Panels, Detachable Strap, 12.75in H x 21in W x 8.5in DClosure: Zip UpMaterial: Non LeatherImportedstyle #:1000028121",1,,0,,0,,1,0,0,/tjmaxx/luggage/weekenders & duffels,0,0,"<H1 Class=""Product-Brand"">Maker &Amp; Company</H1>",,1,full/63d1e700c2aa0ddc18fb2f9bc8c173dc5160d385.jpg,0,base,,1,1,1,0,1,full/63d1e700c2aa0ddc18fb2f9bc8c173dc5160d385.jpg
,Use config,0,1,Granite,full/ca8b23955c95779bb927e888bf06eb5057a0cf0b.jpg,Product Info Column,,,"http://img.tjmaxx.com/tjx?set=DisplayName[e3],prd[1000025782_NS1171168],ag[no]&call=url[file:tjxrPRD2.chain]",0,1000025782_Granite_S,1,1,Use config,No layout updates,,No,,ColorAndSize,0,S,,full/ca8b23955c95779bb927e888bf06eb5057a0cf0b.jpg,admin,simple,1,,0,,1,,0,,0,,1,0,0,/tjmaxx/women/active/tops,0,0,"<H1 Class=""Product-Brand"">Mondetta</H1>",,1,full/ca8b23955c95779bb927e888bf06eb5057a0cf0b.jpg,0,base,,1,1,1,0,1,full/ca8b23955c95779bb927e888bf06eb5057a0cf0b.jpg
,Use config,0,1,Oatmeal,full/ca8b23955c95779bb927e888bf06eb5057a0cf0b.jpg,Product Info Column,,,"http://img.tjmaxx.com/tjx?set=DisplayName[e3],prd[1000025782_NS1171168],ag[no]&call=url[file:tjxrPRD2.chain]",0,1000025782_Oatmeal_S,1,1,Use config,No layout updates,,No,,ColorAndSize,0,S,,full/ca8b23955c95779bb927e888bf06eb5057a0cf0b.jpg,admin,simple,1,,0,,1,,0,,0,,1,0,0,/tjmaxx/women/active/tops,0,0,"<H1 Class=""Product-Brand"">Mondetta</H1>",,1,full/ca8b23955c95779bb927e888bf06eb5057a0cf0b.jpg,0,base,,1,1,1,0,1,full/ca8b23955c95779bb927e888bf06eb5057a0cf0b.jpg
,Use config,0,1,Oatmeal,full/ca8b23955c95779bb927e888bf06eb5057a0cf0b.jpg,Product Info Column,,,"http://img.tjmaxx.com/tjx?set=DisplayName[e3],prd[1000025782_NS1171168],ag[no]&call=url[file:tjxrPRD2.chain]",0,1000025782_Oatmeal_L,1,1,Use config,No layout updates,,No,,ColorAndSize,0,L,,full/ca8b23955c95779bb927e888bf06eb5057a0cf0b.jpg,admin,simple,1,,0,,1,,0,,0,,1,0,0,/tjmaxx/women/active/tops,0,0,"<H1 Class=""Product-Brand"">Mondetta</H1>",,1,full/ca8b23955c95779bb927e888bf06eb5057a0cf0b.jpg,0,base,,1,1,1,0,1,full/ca8b23955c95779bb927e888bf06eb5057a0cf0b.jpg
,Use config,0,1,Granite,full/ca8b23955c95779bb927e888bf06eb5057a0cf0b.jpg,Product Info Column,,,"http://img.tjmaxx.com/tjx?set=DisplayName[e3],prd[1000025782_NS1171168],ag[no]&call=url[file:tjxrPRD2.chain]",0,1000025782_Granite_L,1,1,Use config,No layout updates,,No,,ColorAndSize,0,L,,full/ca8b23955c95779bb927e888bf06eb5057a0cf0b.jpg,admin,simple,1,,0,,1,,0,,0,,1,0,0,/tjmaxx/women/active/tops,0,0,"<H1 Class=""Product-Brand"">Mondetta</H1>",,1,full/ca8b23955c95779bb927e888bf06eb5057a0cf0b.jpg,0,base,,1,1,1,0,1,full/ca8b23955c95779bb927e888bf06eb5057a0cf0b.jpg
,Use config,0,1,Oatmeal,full/ca8b23955c95779bb927e888bf06eb5057a0cf0b.jpg,Product Info Column,,,"http://img.tjmaxx.com/tjx?set=DisplayName[e3],prd[1000025782_NS1171168],ag[no]&call=url[file:tjxrPRD2.chain]",0,1000025782_Oatmeal_M,1,1,Use config,No layout updates,,No,,ColorAndSize,0,M,,full/ca8b23955c95779bb927e888bf06eb5057a0cf0b.jpg,admin,simple,1,,0,,1,,0,,0,,1,0,0,/tjmaxx/women/active/tops,0,0,"<H1 Class=""Product-Brand"">Mondetta</H1>",,1,full/ca8b23955c95779bb927e888bf06eb5057a0cf0b.jpg,0,base,,1,1,1,0,1,full/ca8b23955c95779bb927e888bf06eb5057a0cf0b.jpg
,Use config,0,1,Granite,full/ca8b23955c95779bb927e888bf06eb5057a0cf0b.jpg,Product Info Column,,,"http://img.tjmaxx.com/tjx?set=DisplayName[e3],prd[1000025782_NS1171168],ag[no]&call=url[file:tjxrPRD2.chain]",0,1000025782_Granite_M,1,1,Use config,No layout updates,,No,,ColorAndSize,0,M,,full/ca8b23955c95779bb927e888bf06eb5057a0cf0b.jpg,admin,simple,1,,0,,1,,0,,0,,1,0,0,/tjmaxx/women/active/tops,0,0,"<H1 Class=""Product-Brand"">Mondetta</H1>",,1,full/ca8b23955c95779bb927e888bf06eb5057a0cf0b.jpg,0,base,,1,1,1,0,1,full/ca8b23955c95779bb927e888bf06eb5057a0cf0b.jpg
,Use config,0,1,,full/ca8b23955c95779bb927e888bf06eb5057a0cf0b.jpg,Product Info Column,,,"http://img.tjmaxx.com/tjx?set=DisplayName[e3],prd[1000025782_NS1171168],ag[no]&call=url[file:tjxrPRD2.chain]",0,1000025782,1,1,Use config,No layout updates,,No,,ColorAndSize,0,,,full/ca8b23955c95779bb927e888bf06eb5057a0cf0b.jpg,admin,simple,1,,0,"long sleeve, cowl necklightweight, fabric provides stretch, textured, tunic stylemodel's height is 5ft. 8in.polyester/spandeximportedmachine washstyle #:1000025782",1,,0,,0,,1,0,0,/tjmaxx/women/active/tops,0,0,"<H1 Class=""Product-Brand"">Mondetta</H1>",,1,full/ca8b23955c95779bb927e888bf06eb5057a0cf0b.jpg,0,base,,1,1,1,0,1,full/ca8b23955c95779bb927e888bf06eb5057a0cf0b.jpg
,Use config,0,1,,full/05087cc730b788bc850027114ca5726e759c0ddf.jpg,Product Info Column,,,"http://img.tjmaxx.com/tjx?set=DisplayName[e3],prd[1000025004_NS1003537],ag[yes]&call=url[file:tjxrPRD2.chain]",0,1000025004,1,1,Use config,No layout updates,,No,,,0,,,full/05087cc730b788bc850027114ca5726e759c0ddf.jpg,admin,simple,1,,0,"Dimensions:  13in W x 21in H x 6.5in DFeatures: Top and Side Carry Handles, Detachable Interior Bag, Interior Straps, Lockable Zippers, Wheeled, Retractable HandleClosure: Zip UpWarranty: Limited Manufacturer WarrantyMaterial: Non LeatherImportedstyle #:1000027868",1,,0,,0,,1,0,0,/tjmaxx/luggage/weekenders & duffels,0,0,"<H1 Class=""Product-Brand"">Wenger Luggage</H1>",,1,full/05087cc730b788bc850027114ca5726e759c0ddf.jpg,0,base,,1,1,1,0,1,full/05087cc730b788bc850027114ca5726e759c0ddf.jpg
,Use config,0,1,Navy,full/0b967989bca340497497770ea5478a5c1a13c490.jpg,Product Info Column,,,"http://img.tjmaxx.com/tjx?set=DisplayName[e3],prd[1000009204_NS1003608],ag[no]&call=url[file:tjxrPRD2.chain]",0,1000009204_Navy_XL,1,1,Use config,No layout updates,,No,,ColorAndSize,0,XL,,full/0b967989bca340497497770ea5478a5c1a13c490.jpg,admin,simple,1,,0,,1,,0,,0,,1,0,0,/tjmaxx/clearance,0,0,"<H1 Class=""Product-Brand"">Jones New York Signature</H1>",,1,full/0b967989bca340497497770ea5478a5c1a13c490.jpg,0,base,,1,1,1,0,1,full/0b967989bca340497497770ea5478a5c1a13c490.jpg
,Use config,0,1,Black,full/0b967989bca340497497770ea5478a5c1a13c490.jpg,Product Info Column,,,"http://img.tjmaxx.com/tjx?set=DisplayName[e3],prd[1000009204_NS1003608],ag[no]&call=url[file:tjxrPRD2.chain]",0,1000009204_Black_M,1,1,Use config,No layout updates,,No,,ColorAndSize,0,M,,full/0b967989bca340497497770ea5478a5c1a13c490.jpg,admin,simple,1,,0,,1,,0,,0,,1,0,0,/tjmaxx/clearance,0,0,"<H1 Class=""Product-Brand"">Jones New York Signature</H1>",,1,full/0b967989bca340497497770ea5478a5c1a13c490.jpg,0,base,,1,1,1,0,1,full/0b967989bca340497497770ea5478a5c1a13c490.jpg
,Use config,0,1,Black,full/0b967989bca340497497770ea5478a5c1a13c490.jpg,Product Info Column,,,"http://img.tjmaxx.com/tjx?set=DisplayName[e3],prd[1000009204_NS1003608],ag[no]&call=url[file:tjxrPRD2.chain]",0,1000009204_Black_S,1,1,Use config,No layout updates,,No,,ColorAndSize,0,S,,full/0b967989bca340497497770ea5478a5c1a13c490.jpg,admin,simple,1,,0,,1,,0,,0,,1,0,0,/tjmaxx/clearance,0,0,"<H1 Class=""Product-Brand"">Jones New York Signature</H1>",,1,full/0b967989bca340497497770ea5478a5c1a13c490.jpg,0,base,,1,1,1,0,1,full/0b967989bca340497497770ea5478a5c1a13c490.jpg
,Use config,0,1,Navy,full/0b967989bca340497497770ea5478a5c1a13c490.jpg,Product Info Column,,,"http://img.tjmaxx.com/tjx?set=DisplayName[e3],prd[1000009204_NS1003608],ag[no]&call=url[file:tjxrPRD2.chain]",0,1000009204_Navy_M,1,1,Use config,No layout updates,,No,,ColorAndSize,0,M,,full/0b967989bca340497497770ea5478a5c1a13c490.jpg,admin,simple,1,,0,,1,,0,,0,,1,0,0,/tjmaxx/clearance,0,0,"<H1 Class=""Product-Brand"">Jones New York Signature</H1>",,1,full/0b967989bca340497497770ea5478a5c1a13c490.jpg,0,base,,1,1,1,0,1,full/0b967989bca340497497770ea5478a5c1a13c490.jpg
,Use config,0,1,Black,full/0b967989bca340497497770ea5478a5c1a13c490.jpg,Product Info Column,,,"http://img.tjmaxx.com/tjx?set=DisplayName[e3],prd[1000009204_NS1003608],ag[no]&call=url[file:tjxrPRD2.chain]",0,1000009204_Black_XL,1,1,Use config,No layout updates,,No,,ColorAndSize,0,XL,,full/0b967989bca340497497770ea5478a5c1a13c490.jpg,admin,simple,1,,0,,1,,0,,0,,1,0,0,/tjmaxx/clearance,0,0,"<H1 Class=""Product-Brand"">Jones New York Signature</H1>",,1,full/0b967989bca340497497770ea5478a5c1a13c490.jpg,0,base,,1,1,1,0,1,full/0b967989bca340497497770ea5478a5c1a13c490.jpg
,Use config,0,1,Navy,full/0b967989bca340497497770ea5478a5c1a13c490.jpg,Product Info Column,,,"http://img.tjmaxx.com/tjx?set=DisplayName[e3],prd[1000009204_NS1003608],ag[no]&call=url[file:tjxrPRD2.chain]",0,1000009204_Navy_L,1,1,Use config,No layout updates,,No,,ColorAndSize,0,L,,full/0b967989bca340497497770ea5478a5c1a13c490.jpg,admin,simple,1,,0,,1,,0,,0,,1,0,0,/tjmaxx/clearance,0,0,"<H1 Class=""Product-Brand"">Jones New York Signature</H1>",,1,full/0b967989bca340497497770ea5478a5c1a13c490.jpg,0,base,,1,1,1,0,1,full/0b967989bca340497497770ea5478a5c1a13c490.jpg
,Use config,0,1,Black,full/0b967989bca340497497770ea5478a5c1a13c490.jpg,Product Info Column,,,"http://img.tjmaxx.com/tjx?set=DisplayName[e3],prd[1000009204_NS1003608],ag[no]&call=url[file:tjxrPRD2.chain]",0,1000009204_Black_L,1,1,Use config,No layout updates,,No,,ColorAndSize,0,L,,full/0b967989bca340497497770ea5478a5c1a13c490.jpg,admin,simple,1,,0,,1,,0,,0,,1,0,0,/tjmaxx/clearance,0,0,"<H1 Class=""Product-Brand"">Jones New York Signature</H1>",,1,full/0b967989bca340497497770ea5478a5c1a13c490.jpg,0,base,,1,1,1,0,1,full/0b967989bca340497497770ea5478a5c1a13c490.jpg
,Use config,0,1,Navy,full/0b967989bca340497497770ea5478a5c1a13c490.jpg,Product Info Column,,,"http://img.tjmaxx.com/tjx?set=DisplayName[e3],prd[1000009204_NS1003608],ag[no]&call=url[file:tjxrPRD2.chain]",0,1000009204_Navy_S,1,1,Use config,No layout updates,,No,,ColorAndSize,0,S,,full/0b967989bca340497497770ea5478a5c1a13c490.jpg,admin,simple,1,,0,,1,,0,,0,,1,0,0,/tjmaxx/clearance,0,0,"<H1 Class=""Product-Brand"">Jones New York Signature</H1>",,1,full/0b967989bca340497497770ea5478a5c1a13c490.jpg,0,base,,1,1,1,0,1,full/0b967989bca340497497770ea5478a5c1a13c490.jpg
,Use config,0,1,,full/0b967989bca340497497770ea5478a5c1a13c490.jpg,Product Info Column,,,"http://img.tjmaxx.com/tjx?set=DisplayName[e3],prd[1000009204_NS1003608],ag[no]&call=url[file:tjxrPRD2.chain]",0,1000009204,1,1,Use config,No layout updates,,No,,ColorAndSize,0,,,full/0b967989bca340497497770ea5478a5c1a13c490.jpg,admin,simple,1,,0,"Cut: CapriFit: Mid RiseInseam: 23inPockets: 5 Pocket StyleFeatures: Rivets, SlimmingMaterial: Cotton/SpandexImportedMachine Washstyle #:1000009204",1,,0,,0,,1,0,0,/tjmaxx/clearance,0,0,"<H1 Class=""Product-Brand"">Jones New York Signature</H1>",,1,full/0b967989bca340497497770ea5478a5c1a13c490.jpg,0,base,,1,1,1,0,1,full/0b967989bca340497497770ea5478a5c1a13c490.jpg
,Use config,0,1,Navy,full/fc7a545e7713e38ba853693e3947b5ed20e4b77e.jpg,Product Info Column,,,"http://img.tjmaxx.com/tjx?set=DisplayName[e3],prd[1000009204_NS1003537],ag[no]&call=url[file:tjxrPRD2.chain]",0,1000026536_Navy_XL,1,1,Use config,No layout updates,,No,,ColorAndSize,0,XL,,full/fc7a545e7713e38ba853693e3947b5ed20e4b77e.jpg,admin,simple,1,,0,,1,,0,,0,,1,0,0,/tjmaxx/clearance,0,0,"<H1 Class=""Product-Brand"">Charles By Charles David</H1>",,1,full/fc7a545e7713e38ba853693e3947b5ed20e4b77e.jpg,0,base,,1,1,1,0,1,full/fc7a545e7713e38ba853693e3947b5ed20e4b77e.jpg
,Use config,0,1,Black,full/fc7a545e7713e38ba853693e3947b5ed20e4b77e.jpg,Product Info Column,,,"http://img.tjmaxx.com/tjx?set=DisplayName[e3],prd[1000009204_NS1003537],ag[no]&call=url[file:tjxrPRD2.chain]",0,1000026536_Black_M,1,1,Use config,No layout updates,,No,,ColorAndSize,0,M,,full/fc7a545e7713e38ba853693e3947b5ed20e4b77e.jpg,admin,simple,1,,0,,1,,0,,0,,1,0,0,/tjmaxx/clearance,0,0,"<H1 Class=""Product-Brand"">Charles By Charles David</H1>",,1,full/fc7a545e7713e38ba853693e3947b5ed20e4b77e.jpg,0,base,,1,1,1,0,1,full/fc7a545e7713e38ba853693e3947b5ed20e4b77e.jpg
,Use config,0,1,Black,full/fc7a545e7713e38ba853693e3947b5ed20e4b77e.jpg,Product Info Column,,,"http://img.tjmaxx.com/tjx?set=DisplayName[e3],prd[1000009204_NS1003537],ag[no]&call=url[file:tjxrPRD2.chain]",0,1000026536_Black_S,1,1,Use config,No layout updates,,No,,ColorAndSize,0,S,,full/fc7a545e7713e38ba853693e3947b5ed20e4b77e.jpg,admin,simple,1,,0,,1,,0,,0,,1,0,0,/tjmaxx/clearance,0,0,"<H1 Class=""Product-Brand"">Charles By Charles David</H1>",,1,full/fc7a545e7713e38ba853693e3947b5ed20e4b77e.jpg,0,base,,1,1,1,0,1,full/fc7a545e7713e38ba853693e3947b5ed20e4b77e.jpg
,Use config,0,1,Navy,full/fc7a545e7713e38ba853693e3947b5ed20e4b77e.jpg,Product Info Column,,,"http://img.tjmaxx.com/tjx?set=DisplayName[e3],prd[1000009204_NS1003537],ag[no]&call=url[file:tjxrPRD2.chain]",0,1000026536_Navy_M,1,1,Use config,No layout updates,,No,,ColorAndSize,0,M,,full/fc7a545e7713e38ba853693e3947b5ed20e4b77e.jpg,admin,simple,1,,0,,1,,0,,0,,1,0,0,/tjmaxx/clearance,0,0,"<H1 Class=""Product-Brand"">Charles By Charles David</H1>",,1,full/fc7a545e7713e38ba853693e3947b5ed20e4b77e.jpg,0,base,,1,1,1,0,1,full/fc7a545e7713e38ba853693e3947b5ed20e4b77e.jpg
,Use config,0,1,Black,full/fc7a545e7713e38ba853693e3947b5ed20e4b77e.jpg,Product Info Column,,,"http://img.tjmaxx.com/tjx?set=DisplayName[e3],prd[1000009204_NS1003537],ag[no]&call=url[file:tjxrPRD2.chain]",0,1000026536_Black_XL,1,1,Use config,No layout updates,,No,,ColorAndSize,0,XL,,full/fc7a545e7713e38ba853693e3947b5ed20e4b77e.jpg,admin,simple,1,,0,,1,,0,,0,,1,0,0,/tjmaxx/clearance,0,0,"<H1 Class=""Product-Brand"">Charles By Charles David</H1>",,1,full/fc7a545e7713e38ba853693e3947b5ed20e4b77e.jpg,0,base,,1,1,1,0,1,full/fc7a545e7713e38ba853693e3947b5ed20e4b77e.jpg
,Use config,0,1,Navy,full/fc7a545e7713e38ba853693e3947b5ed20e4b77e.jpg,Product Info Column,,,"http://img.tjmaxx.com/tjx?set=DisplayName[e3],prd[1000009204_NS1003537],ag[no]&call=url[file:tjxrPRD2.chain]",0,1000026536_Navy_L,1,1,Use config,No layout updates,,No,,ColorAndSize,0,L,,full/fc7a545e7713e38ba853693e3947b5ed20e4b77e.jpg,admin,simple,1,,0,,1,,0,,0,,1,0,0,/tjmaxx/clearance,0,0,"<H1 Class=""Product-Brand"">Charles By Charles David</H1>",,1,full/fc7a545e7713e38ba853693e3947b5ed20e4b77e.jpg,0,base,,1,1,1,0,1,full/fc7a545e7713e38ba853693e3947b5ed20e4b77e.jpg
,Use config,0,1,Black,full/fc7a545e7713e38ba853693e3947b5ed20e4b77e.jpg,Product Info Column,,,"http://img.tjmaxx.com/tjx?set=DisplayName[e3],prd[1000009204_NS1003537],ag[no]&call=url[file:tjxrPRD2.chain]",0,1000026536_Black_L,1,1,Use config,No layout updates,,No,,ColorAndSize,0,L,,full/fc7a545e7713e38ba853693e3947b5ed20e4b77e.jpg,admin,simple,1,,0,,1,,0,,0,,1,0,0,/tjmaxx/clearance,0,0,"<H1 Class=""Product-Brand"">Charles By Charles David</H1>",,1,full/fc7a545e7713e38ba853693e3947b5ed20e4b77e.jpg,0,base,,1,1,1,0,1,full/fc7a545e7713e38ba853693e3947b5ed20e4b77e.jpg
,Use config,0,1,Navy,full/fc7a545e7713e38ba853693e3947b5ed20e4b77e.jpg,Product Info Column,,,"http://img.tjmaxx.com/tjx?set=DisplayName[e3],prd[1000009204_NS1003537],ag[no]&call=url[file:tjxrPRD2.chain]",0,1000026536_Navy_S,1,1,Use config,No layout updates,,No,,ColorAndSize,0,S,,full/fc7a545e7713e38ba853693e3947b5ed20e4b77e.jpg,admin,simple,1,,0,,1,,0,,0,,1,0,0,/tjmaxx/clearance,0,0,"<H1 Class=""Product-Brand"">Charles By Charles David</H1>",,1,full/fc7a545e7713e38ba853693e3947b5ed20e4b77e.jpg,0,base,,1,1,1,0,1,full/fc7a545e7713e38ba853693e3947b5ed20e4b77e.jpg
,Use config,0,1,,full/fc7a545e7713e38ba853693e3947b5ed20e4b77e.jpg,Product Info Column,,,"http://img.tjmaxx.com/tjx?set=DisplayName[e3],prd[1000009204_NS1003537],ag[no]&call=url[file:tjxrPRD2.chain]",0,1000026536,1,1,Use config,No layout updates,,No,,ColorAndSize,0,,,full/fc7a545e7713e38ba853693e3947b5ed20e4b77e.jpg,admin,simple,1,,0,Heel Height: Less than 1inToe Type: Toe RingMaterial: LeatherImportedstyle #:1000022447,1,,0,,0,,1,0,0,/tjmaxx/clearance,0,0,"<H1 Class=""Product-Brand"">Charles By Charles David</H1>",,1,full/fc7a545e7713e38ba853693e3947b5ed20e4b77e.jpg,0,base,,1,1,1,0,1,full/fc7a545e7713e38ba853693e3947b5ed20e4b77e.jpg
,Use config,0,1,White,full/cee026b6dcb7fa0fa8e2e3cc55f8dd3d4d92c482.jpg,Product Info Column,,,"http://img.tjmaxx.com/tjx?set=DisplayName[e3],prd[1000020846_NS1003537],ag[no]&call=url[file:tjxrPRD2.chain]",0,1000020846_White_3,1,1,Use config,No layout updates,,No,,ColorAndSize,0,3,,full/cee026b6dcb7fa0fa8e2e3cc55f8dd3d4d92c482.jpg,admin,simple,1,,0,,1,,0,,0,,1,0,0,/tjmaxx/clearance,0,0,"<H1 Class=""Product-Brand"">Karoo</H1>",,1,full/cee026b6dcb7fa0fa8e2e3cc55f8dd3d4d92c482.jpg,0,base,,1,1,1,0,1,full/cee026b6dcb7fa0fa8e2e3cc55f8dd3d4d92c482.jpg
,Use config,0,1,White,full/cee026b6dcb7fa0fa8e2e3cc55f8dd3d4d92c482.jpg,Product Info Column,,,"http://img.tjmaxx.com/tjx?set=DisplayName[e3],prd[1000020846_NS1003537],ag[no]&call=url[file:tjxrPRD2.chain]",0,1000020846_White_1,1,1,Use config,No layout updates,,No,,ColorAndSize,0,1,,full/cee026b6dcb7fa0fa8e2e3cc55f8dd3d4d92c482.jpg,admin,simple,1,,0,,1,,0,,0,,1,0,0,/tjmaxx/clearance,0,0,"<H1 Class=""Product-Brand"">Karoo</H1>",,1,full/cee026b6dcb7fa0fa8e2e3cc55f8dd3d4d92c482.jpg,0,base,,1,1,1,0,1,full/cee026b6dcb7fa0fa8e2e3cc55f8dd3d4d92c482.jpg
,Use config,0,1,Black,full/cee026b6dcb7fa0fa8e2e3cc55f8dd3d4d92c482.jpg,Product Info Column,,,"http://img.tjmaxx.com/tjx?set=DisplayName[e3],prd[1000020846_NS1003537],ag[no]&call=url[file:tjxrPRD2.chain]",0,1000020846_Black_0,1,1,Use config,No layout updates,,No,,ColorAndSize,0,0,,full/cee026b6dcb7fa0fa8e2e3cc55f8dd3d4d92c482.jpg,admin,simple,1,,0,,1,,0,,0,,1,0,0,/tjmaxx/clearance,0,0,"<H1 Class=""Product-Brand"">Karoo</H1>",,1,full/cee026b6dcb7fa0fa8e2e3cc55f8dd3d4d92c482.jpg,0,base,,1,1,1,0,1,full/cee026b6dcb7fa0fa8e2e3cc55f8dd3d4d92c482.jpg
,Use config,0,1,White,full/cee026b6dcb7fa0fa8e2e3cc55f8dd3d4d92c482.jpg,Product Info Column,,,"http://img.tjmaxx.com/tjx?set=DisplayName[e3],prd[1000020846_NS1003537],ag[no]&call=url[file:tjxrPRD2.chain]",0,1000020846_White_2,1,1,Use config,No layout updates,,No,,ColorAndSize,0,2,,full/cee026b6dcb7fa0fa8e2e3cc55f8dd3d4d92c482.jpg,admin,simple,1,,0,,1,,0,,0,,1,0,0,/tjmaxx/clearance,0,0,"<H1 Class=""Product-Brand"">Karoo</H1>",,1,full/cee026b6dcb7fa0fa8e2e3cc55f8dd3d4d92c482.jpg,0,base,,1,1,1,0,1,full/cee026b6dcb7fa0fa8e2e3cc55f8dd3d4d92c482.jpg
,Use config,0,1,White,full/cee026b6dcb7fa0fa8e2e3cc55f8dd3d4d92c482.jpg,Product Info Column,,,"http://img.tjmaxx.com/tjx?set=DisplayName[e3],prd[1000020846_NS1003537],ag[no]&call=url[file:tjxrPRD2.chain]",0,1000020846_White_0,1,1,Use config,No layout updates,,No,,ColorAndSize,0,0,,full/cee026b6dcb7fa0fa8e2e3cc55f8dd3d4d92c482.jpg,admin,simple,1,,0,,1,,0,,0,,1,0,0,/tjmaxx/clearance,0,0,"<H1 Class=""Product-Brand"">Karoo</H1>",,1,full/cee026b6dcb7fa0fa8e2e3cc55f8dd3d4d92c482.jpg,0,base,,1,1,1,0,1,full/cee026b6dcb7fa0fa8e2e3cc55f8dd3d4d92c482.jpg
,Use config,0,1,,full/cee026b6dcb7fa0fa8e2e3cc55f8dd3d4d92c482.jpg,Product Info Column,,,"http://img.tjmaxx.com/tjx?set=DisplayName[e3],prd[1000020846_NS1003537],ag[no]&call=url[file:tjxrPRD2.chain]",0,1000020846,1,1,Use config,No layout updates,,No,,ColorAndSize,0,,,full/cee026b6dcb7fa0fa8e2e3cc55f8dd3d4d92c482.jpg,admin,simple,1,,0,Sleeve: SleevelessNeckline: Scoop NeckLength: 26inClosure: Pull OverMaterial: Rayon/CottonImportedHand Washstyle #:1000020846,1,,0,,0,,1,0,0,/tjmaxx/clearance,0,0,"<H1 Class=""Product-Brand"">Karoo</H1>",,1,full/cee026b6dcb7fa0fa8e2e3cc55f8dd3d4d92c482.jpg,0,base,,1,1,1,0,1,full/cee026b6dcb7fa0fa8e2e3cc55f8dd3d4d92c482.jpg
,Use config,0,1,White,full/eaa2e9d84c0d9d4ece898edf9fbd14bd1f099478.jpg,Product Info Column,,,"http://img.tjmaxx.com/tjx?set=DisplayName[e3],prd[1000013033_NS1003537],ag[yes]&call=url[file:tjxrPRD2.chain]",0,1000023355_White_27,1,1,Use config,No layout updates,,No,,ColorAndSize,0,27,,full/eaa2e9d84c0d9d4ece898edf9fbd14bd1f099478.jpg,admin,simple,1,,0,,1,,0,,0,,1,0,0,/tjmaxx/clearance,0,0,"<H1 Class=""Product-Brand"">Philosophy</H1>",,1,full/eaa2e9d84c0d9d4ece898edf9fbd14bd1f099478.jpg,0,base,,1,1,1,0,1,full/eaa2e9d84c0d9d4ece898edf9fbd14bd1f099478.jpg
,Use config,0,1,White,full/eaa2e9d84c0d9d4ece898edf9fbd14bd1f099478.jpg,Product Info Column,,,"http://img.tjmaxx.com/tjx?set=DisplayName[e3],prd[1000013033_NS1003537],ag[yes]&call=url[file:tjxrPRD2.chain]",0,1000023355_White_24,1,1,Use config,No layout updates,,No,,ColorAndSize,0,24,,full/eaa2e9d84c0d9d4ece898edf9fbd14bd1f099478.jpg,admin,simple,1,,0,,1,,0,,0,,1,0,0,/tjmaxx/clearance,0,0,"<H1 Class=""Product-Brand"">Philosophy</H1>",,1,full/eaa2e9d84c0d9d4ece898edf9fbd14bd1f099478.jpg,0,base,,1,1,1,0,1,full/eaa2e9d84c0d9d4ece898edf9fbd14bd1f099478.jpg
,Use config,0,1,White,full/eaa2e9d84c0d9d4ece898edf9fbd14bd1f099478.jpg,Product Info Column,,,"http://img.tjmaxx.com/tjx?set=DisplayName[e3],prd[1000013033_NS1003537],ag[yes]&call=url[file:tjxrPRD2.chain]",0,1000023355_White_25,1,1,Use config,No layout updates,,No,,ColorAndSize,0,25,,full/eaa2e9d84c0d9d4ece898edf9fbd14bd1f099478.jpg,admin,simple,1,,0,,1,,0,,0,,1,0,0,/tjmaxx/clearance,0,0,"<H1 Class=""Product-Brand"">Philosophy</H1>",,1,full/eaa2e9d84c0d9d4ece898edf9fbd14bd1f099478.jpg,0,base,,1,1,1,0,1,full/eaa2e9d84c0d9d4ece898edf9fbd14bd1f099478.jpg
,Use config,0,1,White,full/eaa2e9d84c0d9d4ece898edf9fbd14bd1f099478.jpg,Product Info Column,,,"http://img.tjmaxx.com/tjx?set=DisplayName[e3],prd[1000013033_NS1003537],ag[yes]&call=url[file:tjxrPRD2.chain]",0,1000023355_White_26,1,1,Use config,No layout updates,,No,,ColorAndSize,0,26,,full/eaa2e9d84c0d9d4ece898edf9fbd14bd1f099478.jpg,admin,simple,1,,0,,1,,0,,0,,1,0,0,/tjmaxx/clearance,0,0,"<H1 Class=""Product-Brand"">Philosophy</H1>",,1,full/eaa2e9d84c0d9d4ece898edf9fbd14bd1f099478.jpg,0,base,,1,1,1,0,1,full/eaa2e9d84c0d9d4ece898edf9fbd14bd1f099478.jpg
,Use config,0,1,White,full/eaa2e9d84c0d9d4ece898edf9fbd14bd1f099478.jpg,Product Info Column,,,"http://img.tjmaxx.com/tjx?set=DisplayName[e3],prd[1000013033_NS1003537],ag[yes]&call=url[file:tjxrPRD2.chain]",0,1000023355_White_28,1,1,Use config,No layout updates,,No,,ColorAndSize,0,28,,full/eaa2e9d84c0d9d4ece898edf9fbd14bd1f099478.jpg,admin,simple,1,,0,,1,,0,,0,,1,0,0,/tjmaxx/clearance,0,0,"<H1 Class=""Product-Brand"">Philosophy</H1>",,1,full/eaa2e9d84c0d9d4ece898edf9fbd14bd1f099478.jpg,0,base,,1,1,1,0,1,full/eaa2e9d84c0d9d4ece898edf9fbd14bd1f099478.jpg
,Use config,0,1,,full/eaa2e9d84c0d9d4ece898edf9fbd14bd1f099478.jpg,Product Info Column,,,"http://img.tjmaxx.com/tjx?set=DisplayName[e3],prd[1000013033_NS1003537],ag[yes]&call=url[file:tjxrPRD2.chain]",0,1000023355,1,1,Use config,No layout updates,,No,,ColorAndSize,0,,,full/eaa2e9d84c0d9d4ece898edf9fbd14bd1f099478.jpg,admin,simple,1,,0,Sleeve: Bell SleeveNeckline: BoatneckLength: 37.5inClosure: Slip OnFeatures: PrintedMaterial: Silk/CottonImportedHand Washstyle #:1000013033,1,,0,,0,,1,0,0,/tjmaxx/clearance,0,0,"<H1 Class=""Product-Brand"">Philosophy</H1>",,1,full/eaa2e9d84c0d9d4ece898edf9fbd14bd1f099478.jpg,0,base,,1,1,1,0,1,full/eaa2e9d84c0d9d4ece898edf9fbd14bd1f099478.jpg
,Use config,0,1,,full/b16694696152f2f699edbeabefef0f45ed55a8e3.jpg,Product Info Column,,,"http://img.tjmaxx.com/tjx?set=DisplayName[e3],prd[1000027254_NS1003462],ag[no]&call=url[file:tjxrPRD2.chain]",0,1000019345,1,1,Use config,No layout updates,,No,,,0,,,full/b16694696152f2f699edbeabefef0f45ed55a8e3.jpg,admin,simple,1,,0,"Sleeve: Three-Quarter SleeveNeckline: Round NeckLength: 38.5inClosure: Button UpFeatures: Drawstring, Multiple Pocket DesignMaterial: TencelImportedMachine Washstyle #:1000027254",1,,0,,0,,1,0,0,/tjmaxx/clearance,0,0,"<H1 Class=""Product-Brand"">Blank Nyc</H1>",,1,full/b16694696152f2f699edbeabefef0f45ed55a8e3.jpg,0,base,,1,1,1,0,1,full/b16694696152f2f699edbeabefef0f45ed55a8e3.jpg
,Use config,0,1,Black,full/ac5666e48bc1cd7513e08206eec1e0d25851bff7.jpg,Product Info Column,,,"http://img.tjmaxx.com/tjx?set=DisplayName[e3],prd[1000021446_NS1003463],ag[no]&call=url[file:tjxrPRD2.chain]",0,1000019150_Black_46,1,1,Use config,No layout updates,,No,,ColorAndSize,0,46,,full/ac5666e48bc1cd7513e08206eec1e0d25851bff7.jpg,admin,simple,1,,0,,1,,0,,0,,1,0,0,/tjmaxx/clearance/view all,0,0,"<H1 Class=""Product-Brand"">Onyx</H1>",,1,full/ac5666e48bc1cd7513e08206eec1e0d25851bff7.jpg,0,base,,1,1,1,0,1,full/ac5666e48bc1cd7513e08206eec1e0d25851bff7.jpg
,Use config,0,1,Black,full/ac5666e48bc1cd7513e08206eec1e0d25851bff7.jpg,Product Info Column,,,"http://img.tjmaxx.com/tjx?set=DisplayName[e3],prd[1000021446_NS1003463],ag[no]&call=url[file:tjxrPRD2.chain]",0,1000019150_Black_44,1,1,Use config,No layout updates,,No,,ColorAndSize,0,44,,full/ac5666e48bc1cd7513e08206eec1e0d25851bff7.jpg,admin,simple,1,,0,,1,,0,,0,,1,0,0,/tjmaxx/clearance/view all,0,0,"<H1 Class=""Product-Brand"">Onyx</H1>",,1,full/ac5666e48bc1cd7513e08206eec1e0d25851bff7.jpg,0,base,,1,1,1,0,1,full/ac5666e48bc1cd7513e08206eec1e0d25851bff7.jpg
,Use config,0,1,Black,full/ac5666e48bc1cd7513e08206eec1e0d25851bff7.jpg,Product Info Column,,,"http://img.tjmaxx.com/tjx?set=DisplayName[e3],prd[1000021446_NS1003463],ag[no]&call=url[file:tjxrPRD2.chain]",0,1000019150_Black_40,1,1,Use config,No layout updates,,No,,ColorAndSize,0,40,,full/ac5666e48bc1cd7513e08206eec1e0d25851bff7.jpg,admin,simple,1,,0,,1,,0,,0,,1,0,0,/tjmaxx/clearance/view all,0,0,"<H1 Class=""Product-Brand"">Onyx</H1>",,1,full/ac5666e48bc1cd7513e08206eec1e0d25851bff7.jpg,0,base,,1,1,1,0,1,full/ac5666e48bc1cd7513e08206eec1e0d25851bff7.jpg
,Use config,0,1,Black,full/ac5666e48bc1cd7513e08206eec1e0d25851bff7.jpg,Product Info Column,,,"http://img.tjmaxx.com/tjx?set=DisplayName[e3],prd[1000021446_NS1003463],ag[no]&call=url[file:tjxrPRD2.chain]",0,1000019150_Black_38,1,1,Use config,No layout updates,,No,,ColorAndSize,0,38,,full/ac5666e48bc1cd7513e08206eec1e0d25851bff7.jpg,admin,simple,1,,0,,1,,0,,0,,1,0,0,/tjmaxx/clearance/view all,0,0,"<H1 Class=""Product-Brand"">Onyx</H1>",,1,full/ac5666e48bc1cd7513e08206eec1e0d25851bff7.jpg,0,base,,1,1,1,0,1,full/ac5666e48bc1cd7513e08206eec1e0d25851bff7.jpg
,Use config,0,1,Black,full/ac5666e48bc1cd7513e08206eec1e0d25851bff7.jpg,Product Info Column,,,"http://img.tjmaxx.com/tjx?set=DisplayName[e3],prd[1000021446_NS1003463],ag[no]&call=url[file:tjxrPRD2.chain]",0,1000019150_Black_42,1,1,Use config,No layout updates,,No,,ColorAndSize,0,42,,full/ac5666e48bc1cd7513e08206eec1e0d25851bff7.jpg,admin,simple,1,,0,,1,,0,,0,,1,0,0,/tjmaxx/clearance/view all,0,0,"<H1 Class=""Product-Brand"">Onyx</H1>",,1,full/ac5666e48bc1cd7513e08206eec1e0d25851bff7.jpg,0,base,,1,1,1,0,1,full/ac5666e48bc1cd7513e08206eec1e0d25851bff7.jpg
,Use config,0,1,,full/ac5666e48bc1cd7513e08206eec1e0d25851bff7.jpg,Product Info Column,,,"http://img.tjmaxx.com/tjx?set=DisplayName[e3],prd[1000021446_NS1003463],ag[no]&call=url[file:tjxrPRD2.chain]",0,1000019150,1,1,Use config,No layout updates,,No,,ColorAndSize,0,,,full/ac5666e48bc1cd7513e08206eec1e0d25851bff7.jpg,admin,simple,1,,0,"Sleeve: SleevelessNeckline: Scoop NeckLength: 35inClosure: Slip OnFeatures: Jacket IncludedMaterial: Polyester, Combination: Polyester/SpandexUSAHand Washstyle #:1000021446",1,,0,,0,,1,0,0,/tjmaxx/clearance/view all,0,0,"<H1 Class=""Product-Brand"">Onyx</H1>",,1,full/ac5666e48bc1cd7513e08206eec1e0d25851bff7.jpg,0,base,,1,1,1,0,1,full/ac5666e48bc1cd7513e08206eec1e0d25851bff7.jpg
,Use config,0,1,Black,full/323a308150cd47b76c3506bb96ceccc473390846.jpg,Product Info Column,,,"http://img.tjmaxx.com/tjx?set=DisplayName[e3],prd[1000020563_NS1003537],ag[no]&call=url[file:tjxrPRD2.chain]",0,1000020563_Black_XS,1,1,Use config,No layout updates,,No,,ColorAndSize,0,XS,,full/323a308150cd47b76c3506bb96ceccc473390846.jpg,admin,simple,1,,0,,1,,0,,0,,1,0,0,/tjmaxx/clearance,0,0,"<H1 Class=""Product-Brand"">3 Heart</H1>",,1,full/323a308150cd47b76c3506bb96ceccc473390846.jpg,0,base,,1,1,1,0,1,full/323a308150cd47b76c3506bb96ceccc473390846.jpg
,Use config,0,1,Black,full/323a308150cd47b76c3506bb96ceccc473390846.jpg,Product Info Column,,,"http://img.tjmaxx.com/tjx?set=DisplayName[e3],prd[1000020563_NS1003537],ag[no]&call=url[file:tjxrPRD2.chain]",0,1000020563_Black_M,1,1,Use config,No layout updates,,No,,ColorAndSize,0,M,,full/323a308150cd47b76c3506bb96ceccc473390846.jpg,admin,simple,1,,0,,1,,0,,0,,1,0,0,/tjmaxx/clearance,0,0,"<H1 Class=""Product-Brand"">3 Heart</H1>",,1,full/323a308150cd47b76c3506bb96ceccc473390846.jpg,0,base,,1,1,1,0,1,full/323a308150cd47b76c3506bb96ceccc473390846.jpg
,Use config,0,1,,full/323a308150cd47b76c3506bb96ceccc473390846.jpg,Product Info Column,,,"http://img.tjmaxx.com/tjx?set=DisplayName[e3],prd[1000020563_NS1003537],ag[no]&call=url[file:tjxrPRD2.chain]",0,1000020563,1,1,Use config,No layout updates,,No,,ColorAndSize,0,,,full/323a308150cd47b76c3506bb96ceccc473390846.jpg,admin,simple,1,,0,"Juniors SizingSleeve: SleevelessNeckline: V-NeckLength: 51inClosure: Slip OnFeatures: Printed, Shirring, Slits, Adjustable StrapsMaterial: Polyester, Lining: PolyesterImportedMachine Washstyle #:1000020563",1,,0,,0,,1,0,0,/tjmaxx/clearance,0,0,"<H1 Class=""Product-Brand"">3 Heart</H1>",,1,full/323a308150cd47b76c3506bb96ceccc473390846.jpg,0,base,,1,1,1,0,1,full/323a308150cd47b76c3506bb96ceccc473390846.jpg
,Use config,0,1,Black,full/6590aa6acecf3dda32d0e83181c4be99a85f312f.jpg,Product Info Column,,,"http://img.tjmaxx.com/tjx?set=DisplayName[e3],prd[1000011073_NS1003537],ag[no]&call=url[file:tjxrPRD2.chain]",0,1000011073_Black_40,1,1,Use config,No layout updates,,No,,ColorAndSize,0,40,,full/6590aa6acecf3dda32d0e83181c4be99a85f312f.jpg,admin,simple,1,,0,,1,,0,,0,,1,0,0,/tjmaxx/clearance/view all,0,0,"<H1 Class=""Product-Brand"">Emilio Pucci</H1>",,1,full/6590aa6acecf3dda32d0e83181c4be99a85f312f.jpg,0,base,,1,1,1,0,1,full/6590aa6acecf3dda32d0e83181c4be99a85f312f.jpg
,Use config,0,1,Black,full/6590aa6acecf3dda32d0e83181c4be99a85f312f.jpg,Product Info Column,,,"http://img.tjmaxx.com/tjx?set=DisplayName[e3],prd[1000011073_NS1003537],ag[no]&call=url[file:tjxrPRD2.chain]",0,1000011073_Black_44,1,1,Use config,No layout updates,,No,,ColorAndSize,0,44,,full/6590aa6acecf3dda32d0e83181c4be99a85f312f.jpg,admin,simple,1,,0,,1,,0,,0,,1,0,0,/tjmaxx/clearance/view all,0,0,"<H1 Class=""Product-Brand"">Emilio Pucci</H1>",,1,full/6590aa6acecf3dda32d0e83181c4be99a85f312f.jpg,0,base,,1,1,1,0,1,full/6590aa6acecf3dda32d0e83181c4be99a85f312f.jpg
,Use config,0,1,,full/6590aa6acecf3dda32d0e83181c4be99a85f312f.jpg,Product Info Column,,,"http://img.tjmaxx.com/tjx?set=DisplayName[e3],prd[1000011073_NS1003537],ag[no]&call=url[file:tjxrPRD2.chain]",0,1000011073,1,1,Use config,No layout updates,,No,,ColorAndSize,0,,,full/6590aa6acecf3dda32d0e83181c4be99a85f312f.jpg,admin,simple,1,,0,Features: PleatedClosure: Snap ClosureMaterial: SilkImportedDry Cleanstyle #:1000011073,1,,0,,0,,1,0,0,/tjmaxx/clearance/view all,0,0,"<H1 Class=""Product-Brand"">Emilio Pucci</H1>",,1,full/6590aa6acecf3dda32d0e83181c4be99a85f312f.jpg,0,base,,1,1,1,0,1,full/6590aa6acecf3dda32d0e83181c4be99a85f312f.jpg
,Use config,0,1,Black,full/e03ff947babc76756dd93892872e6110d16a3213.jpg,Product Info Column,,,"http://img.tjmaxx.com/tjx?set=DisplayName[e3],prd[1000018624_NS1003537],ag[no]&call=url[file:tjxrPRD2.chain]",0,1000018626_Black_M,1,1,Use config,No layout updates,,No,,ColorAndSize,0,M,,full/e03ff947babc76756dd93892872e6110d16a3213.jpg,admin,simple,1,,0,,1,,0,,0,,1,0,0,/tjmaxx/clearance,0,0,"<H1 Class=""Product-Brand"">Raisins</H1>",,1,full/e03ff947babc76756dd93892872e6110d16a3213.jpg,0,base,,1,1,1,0,1,full/e03ff947babc76756dd93892872e6110d16a3213.jpg
,Use config,0,1,Black,full/e03ff947babc76756dd93892872e6110d16a3213.jpg,Product Info Column,,,"http://img.tjmaxx.com/tjx?set=DisplayName[e3],prd[1000018624_NS1003537],ag[no]&call=url[file:tjxrPRD2.chain]",0,1000018626_Black_L,1,1,Use config,No layout updates,,No,,ColorAndSize,0,L,,full/e03ff947babc76756dd93892872e6110d16a3213.jpg,admin,simple,1,,0,,1,,0,,0,,1,0,0,/tjmaxx/clearance,0,0,"<H1 Class=""Product-Brand"">Raisins</H1>",,1,full/e03ff947babc76756dd93892872e6110d16a3213.jpg,0,base,,1,1,1,0,1,full/e03ff947babc76756dd93892872e6110d16a3213.jpg
,Use config,0,1,Black,full/e03ff947babc76756dd93892872e6110d16a3213.jpg,Product Info Column,,,"http://img.tjmaxx.com/tjx?set=DisplayName[e3],prd[1000018624_NS1003537],ag[no]&call=url[file:tjxrPRD2.chain]",0,1000018626_Black_S,1,1,Use config,No layout updates,,No,,ColorAndSize,0,S,,full/e03ff947babc76756dd93892872e6110d16a3213.jpg,admin,simple,1,,0,,1,,0,,0,,1,0,0,/tjmaxx/clearance,0,0,"<H1 Class=""Product-Brand"">Raisins</H1>",,1,full/e03ff947babc76756dd93892872e6110d16a3213.jpg,0,base,,1,1,1,0,1,full/e03ff947babc76756dd93892872e6110d16a3213.jpg
,Use config,0,1,,full/e03ff947babc76756dd93892872e6110d16a3213.jpg,Product Info Column,,,"http://img.tjmaxx.com/tjx?set=DisplayName[e3],prd[1000018624_NS1003537],ag[no]&call=url[file:tjxrPRD2.chain]",0,1000018626,1,1,Use config,No layout updates,,No,,ColorAndSize,0,,,full/e03ff947babc76756dd93892872e6110d16a3213.jpg,admin,simple,1,,0,"Features: Printed, Crossover BackLength: 14.5inMaterial: Nylon/Spandex, Solid: Spandex/SpandexImportedHand Washstyle #:1000018621",1,,0,,0,,1,0,0,/tjmaxx/clearance,0,0,"<H1 Class=""Product-Brand"">Raisins</H1>",,1,full/e03ff947babc76756dd93892872e6110d16a3213.jpg,0,base,,1,1,1,0,1,full/e03ff947babc76756dd93892872e6110d16a3213.jpg
,Use config,0,1,Black,full/c61a05c773fc66e8f2a828768278b7287e5f3f81.jpg,Product Info Column,,,"http://img.tjmaxx.com/tjx?set=DisplayName[e3],prd[1000018621_NS1003537],ag[no]&call=url[file:tjxrPRD2.chain]",0,1000018621_Black_M,1,1,Use config,No layout updates,,No,,ColorAndSize,0,M,,full/c61a05c773fc66e8f2a828768278b7287e5f3f81.jpg,admin,simple,1,,0,,1,,0,,0,,1,0,0,/tjmaxx/clearance/view all,0,0,"<H1 Class=""Product-Brand"">Raisins</H1>",,1,full/c61a05c773fc66e8f2a828768278b7287e5f3f81.jpg,0,base,,1,1,1,0,1,full/c61a05c773fc66e8f2a828768278b7287e5f3f81.jpg
,Use config,0,1,Black,full/c61a05c773fc66e8f2a828768278b7287e5f3f81.jpg,Product Info Column,,,"http://img.tjmaxx.com/tjx?set=DisplayName[e3],prd[1000018621_NS1003537],ag[no]&call=url[file:tjxrPRD2.chain]",0,1000018621_Black_L,1,1,Use config,No layout updates,,No,,ColorAndSize,0,L,,full/c61a05c773fc66e8f2a828768278b7287e5f3f81.jpg,admin,simple,1,,0,,1,,0,,0,,1,0,0,/tjmaxx/clearance/view all,0,0,"<H1 Class=""Product-Brand"">Raisins</H1>",,1,full/c61a05c773fc66e8f2a828768278b7287e5f3f81.jpg,0,base,,1,1,1,0,1,full/c61a05c773fc66e8f2a828768278b7287e5f3f81.jpg
,Use config,0,1,,full/c61a05c773fc66e8f2a828768278b7287e5f3f81.jpg,Product Info Column,,,"http://img.tjmaxx.com/tjx?set=DisplayName[e3],prd[1000018621_NS1003537],ag[no]&call=url[file:tjxrPRD2.chain]",0,1000018621,1,1,Use config,No layout updates,,No,,ColorAndSize,0,,,full/c61a05c773fc66e8f2a828768278b7287e5f3f81.jpg,admin,simple,1,,0,"Features: Printed, Crossover BackLength: 14.5inMaterial: Nylon/Spandex, Solid: Spandex/SpandexImportedHand Washstyle #:1000018621",1,,0,,0,,1,0,0,/tjmaxx/clearance/view all,0,0,"<H1 Class=""Product-Brand"">Raisins</H1>",,1,full/c61a05c773fc66e8f2a828768278b7287e5f3f81.jpg,0,base,,1,1,1,0,1,full/c61a05c773fc66e8f2a828768278b7287e5f3f81.jpg
,Use config,0,1,,full/66327a2d5330653b8976f4dbd13be96af6a39b83.jpg,Product Info Column,,,"http://img.tjmaxx.com/tjx?set=DisplayName[e3],prd[1000019153_NS1003426],ag[yes]&call=url[file:tjxrPRD2.chain]",0,1000019153,1,1,Use config,No layout updates,,No,,,0,,,full/66327a2d5330653b8976f4dbd13be96af6a39b83.jpg,admin,simple,1,,0,Length: 11inMaterial: Polyamide/ElastaneImportedHand Washstyle #:1000019153,1,,0,,0,,1,0,0,/tjmaxx/clearance/view all,0,0,"<H1 Class=""Product-Brand"">Profile By Gottex</H1>",,1,full/66327a2d5330653b8976f4dbd13be96af6a39b83.jpg,0,base,,1,1,1,0,1,full/66327a2d5330653b8976f4dbd13be96af6a39b83.jpg
,Use config,0,1,Pink,full/a862a3a4c4bdd83b1518c46cccb1d6265192ad21.jpg,Product Info Column,,,"http://img.tjmaxx.com/tjx?set=DisplayName[e3],prd[1000021099_NS1003516],ag[no]&call=url[file:tjxrPRD2.chain]",0,1000021099_Pink_OS,1,1,Use config,No layout updates,,No,,ColorAndSize,0,OS,,full/a862a3a4c4bdd83b1518c46cccb1d6265192ad21.jpg,admin,simple,1,,0,,1,,0,,0,,1,0,0,/tjmaxx/clearance,0,0,"<H1 Class=""Product-Brand"">Madison 88</H1>",,1,full/a862a3a4c4bdd83b1518c46cccb1d6265192ad21.jpg,0,base,,1,1,1,0,1,full/a862a3a4c4bdd83b1518c46cccb1d6265192ad21.jpg
,Use config,0,1,Blue,full/a862a3a4c4bdd83b1518c46cccb1d6265192ad21.jpg,Product Info Column,,,"http://img.tjmaxx.com/tjx?set=DisplayName[e3],prd[1000021099_NS1003516],ag[no]&call=url[file:tjxrPRD2.chain]",0,1000021099_Blue_OS,1,1,Use config,No layout updates,,No,,ColorAndSize,0,OS,,full/a862a3a4c4bdd83b1518c46cccb1d6265192ad21.jpg,admin,simple,1,,0,,1,,0,,0,,1,0,0,/tjmaxx/clearance,0,0,"<H1 Class=""Product-Brand"">Madison 88</H1>",,1,full/a862a3a4c4bdd83b1518c46cccb1d6265192ad21.jpg,0,base,,1,1,1,0,1,full/a862a3a4c4bdd83b1518c46cccb1d6265192ad21.jpg
,Use config,0,1,Orange,full/a862a3a4c4bdd83b1518c46cccb1d6265192ad21.jpg,Product Info Column,,,"http://img.tjmaxx.com/tjx?set=DisplayName[e3],prd[1000021099_NS1003516],ag[no]&call=url[file:tjxrPRD2.chain]",0,1000021099_Orange_OS,1,1,Use config,No layout updates,,No,,ColorAndSize,0,OS,,full/a862a3a4c4bdd83b1518c46cccb1d6265192ad21.jpg,admin,simple,1,,0,,1,,0,,0,,1,0,0,/tjmaxx/clearance,0,0,"<H1 Class=""Product-Brand"">Madison 88</H1>",,1,full/a862a3a4c4bdd83b1518c46cccb1d6265192ad21.jpg,0,base,,1,1,1,0,1,full/a862a3a4c4bdd83b1518c46cccb1d6265192ad21.jpg
,Use config,0,1,,full/a862a3a4c4bdd83b1518c46cccb1d6265192ad21.jpg,Product Info Column,,,"http://img.tjmaxx.com/tjx?set=DisplayName[e3],prd[1000021099_NS1003516],ag[no]&call=url[file:tjxrPRD2.chain]",0,1000021099,1,1,Use config,No layout updates,,No,,ColorAndSize,0,,,full/a862a3a4c4bdd83b1518c46cccb1d6265192ad21.jpg,admin,simple,1,,0,"Features: Feather, Stitching DetailMaterial: SeagrassImportedstyle #:1000021099",1,,0,,0,,1,0,0,/tjmaxx/clearance,0,0,"<H1 Class=""Product-Brand"">Madison 88</H1>",,1,full/a862a3a4c4bdd83b1518c46cccb1d6265192ad21.jpg,0,base,,1,1,1,0,1,full/a862a3a4c4bdd83b1518c46cccb1d6265192ad21.jpg
,Use config,0,1,Black,full/794bc8cda6c56cde5f77bdda2a49a2917d3eb407.jpg,Product Info Column,,,"http://img.tjmaxx.com/tjx?set=DisplayName[e3],prd[1000008510_NS1003537],ag[yes]&call=url[file:tjxrPRD2.chain]",0,1000008510_Black_14,1,1,Use config,No layout updates,,No,,ColorAndSize,0,14,,full/794bc8cda6c56cde5f77bdda2a49a2917d3eb407.jpg,admin,simple,1,,0,,1,,0,,0,,1,0,0,/tjmaxx/clearance/view all,0,0,"<H1 Class=""Product-Brand"">Raisins</H1>",,1,full/794bc8cda6c56cde5f77bdda2a49a2917d3eb407.jpg,0,base,,1,1,1,0,1,full/794bc8cda6c56cde5f77bdda2a49a2917d3eb407.jpg
,Use config,0,1,Black,full/794bc8cda6c56cde5f77bdda2a49a2917d3eb407.jpg,Product Info Column,,,"http://img.tjmaxx.com/tjx?set=DisplayName[e3],prd[1000008510_NS1003537],ag[yes]&call=url[file:tjxrPRD2.chain]",0,1000008510_Black_6,1,1,Use config,No layout updates,,No,,ColorAndSize,0,6,,full/794bc8cda6c56cde5f77bdda2a49a2917d3eb407.jpg,admin,simple,1,,0,,1,,0,,0,,1,0,0,/tjmaxx/clearance/view all,0,0,"<H1 Class=""Product-Brand"">Raisins</H1>",,1,full/794bc8cda6c56cde5f77bdda2a49a2917d3eb407.jpg,0,base,,1,1,1,0,1,full/794bc8cda6c56cde5f77bdda2a49a2917d3eb407.jpg
,Use config,0,1,Black,full/794bc8cda6c56cde5f77bdda2a49a2917d3eb407.jpg,Product Info Column,,,"http://img.tjmaxx.com/tjx?set=DisplayName[e3],prd[1000008510_NS1003537],ag[yes]&call=url[file:tjxrPRD2.chain]",0,1000008510_Black_12,1,1,Use config,No layout updates,,No,,ColorAndSize,0,12,,full/794bc8cda6c56cde5f77bdda2a49a2917d3eb407.jpg,admin,simple,1,,0,,1,,0,,0,,1,0,0,/tjmaxx/clearance/view all,0,0,"<H1 Class=""Product-Brand"">Raisins</H1>",,1,full/794bc8cda6c56cde5f77bdda2a49a2917d3eb407.jpg,0,base,,1,1,1,0,1,full/794bc8cda6c56cde5f77bdda2a49a2917d3eb407.jpg
,Use config,0,1,Black,full/794bc8cda6c56cde5f77bdda2a49a2917d3eb407.jpg,Product Info Column,,,"http://img.tjmaxx.com/tjx?set=DisplayName[e3],prd[1000008510_NS1003537],ag[yes]&call=url[file:tjxrPRD2.chain]",0,1000008510_Black_8,1,1,Use config,No layout updates,,No,,ColorAndSize,0,8,,full/794bc8cda6c56cde5f77bdda2a49a2917d3eb407.jpg,admin,simple,1,,0,,1,,0,,0,,1,0,0,/tjmaxx/clearance/view all,0,0,"<H1 Class=""Product-Brand"">Raisins</H1>",,1,full/794bc8cda6c56cde5f77bdda2a49a2917d3eb407.jpg,0,base,,1,1,1,0,1,full/794bc8cda6c56cde5f77bdda2a49a2917d3eb407.jpg
,Use config,0,1,Black,full/794bc8cda6c56cde5f77bdda2a49a2917d3eb407.jpg,Product Info Column,,,"http://img.tjmaxx.com/tjx?set=DisplayName[e3],prd[1000008510_NS1003537],ag[yes]&call=url[file:tjxrPRD2.chain]",0,1000008510_Black_10,1,1,Use config,No layout updates,,No,,ColorAndSize,0,10,,full/794bc8cda6c56cde5f77bdda2a49a2917d3eb407.jpg,admin,simple,1,,0,,1,,0,,0,,1,0,0,/tjmaxx/clearance/view all,0,0,"<H1 Class=""Product-Brand"">Raisins</H1>",,1,full/794bc8cda6c56cde5f77bdda2a49a2917d3eb407.jpg,0,base,,1,1,1,0,1,full/794bc8cda6c56cde5f77bdda2a49a2917d3eb407.jpg
,Use config,0,1,Black,full/794bc8cda6c56cde5f77bdda2a49a2917d3eb407.jpg,Product Info Column,,,"http://img.tjmaxx.com/tjx?set=DisplayName[e3],prd[1000008510_NS1003537],ag[yes]&call=url[file:tjxrPRD2.chain]",0,1000008510_Black_4,1,1,Use config,No layout updates,,No,,ColorAndSize,0,4,,full/794bc8cda6c56cde5f77bdda2a49a2917d3eb407.jpg,admin,simple,1,,0,,1,,0,,0,,1,0,0,/tjmaxx/clearance/view all,0,0,"<H1 Class=""Product-Brand"">Raisins</H1>",,1,full/794bc8cda6c56cde5f77bdda2a49a2917d3eb407.jpg,0,base,,1,1,1,0,1,full/794bc8cda6c56cde5f77bdda2a49a2917d3eb407.jpg
,Use config,0,1,Black,full/794bc8cda6c56cde5f77bdda2a49a2917d3eb407.jpg,Product Info Column,,,"http://img.tjmaxx.com/tjx?set=DisplayName[e3],prd[1000008510_NS1003537],ag[yes]&call=url[file:tjxrPRD2.chain]",0,1000008510_Black_2,1,1,Use config,No layout updates,,No,,ColorAndSize,0,2,,full/794bc8cda6c56cde5f77bdda2a49a2917d3eb407.jpg,admin,simple,1,,0,,1,,0,,0,,1,0,0,/tjmaxx/clearance/view all,0,0,"<H1 Class=""Product-Brand"">Raisins</H1>",,1,full/794bc8cda6c56cde5f77bdda2a49a2917d3eb407.jpg,0,base,,1,1,1,0,1,full/794bc8cda6c56cde5f77bdda2a49a2917d3eb407.jpg
,Use config,0,1,,full/794bc8cda6c56cde5f77bdda2a49a2917d3eb407.jpg,Product Info Column,,,"http://img.tjmaxx.com/tjx?set=DisplayName[e3],prd[1000008510_NS1003537],ag[yes]&call=url[file:tjxrPRD2.chain]",0,1000008510,1,1,Use config,No layout updates,,No,,ColorAndSize,0,,,full/794bc8cda6c56cde5f77bdda2a49a2917d3eb407.jpg,admin,simple,1,,0,"Features: Tassels, Metallic Accents, PrintedLength: 8inMaterial: Polyester/SpandexImportedHand Washstyle #:1000018626",1,,0,,0,,1,0,0,/tjmaxx/clearance/view all,0,0,"<H1 Class=""Product-Brand"">Raisins</H1>",,1,full/794bc8cda6c56cde5f77bdda2a49a2917d3eb407.jpg,0,base,,1,1,1,0,1,full/794bc8cda6c56cde5f77bdda2a49a2917d3eb407.jpg
,Use config,0,1,,full/e440712b6a6d8875b7706a0690b1c6bc360e4971.jpg,Product Info Column,,,"http://img.tjmaxx.com/tjx?set=DisplayName[e3],prd[1000018623_NS1003640],ag[yes]&call=url[file:tjxrPRD2.chain]",0,1000018623,1,1,Use config,No layout updates,,No,,,0,,,full/e440712b6a6d8875b7706a0690b1c6bc360e4971.jpg,admin,simple,1,,0,"Features: Cut Outs, Double LayerLength: 4.5inMaterial: Polyester/Spandex, Shell 2: Polyester/SpandexImportedHand Washstyle #:1000018623",1,,0,,0,,1,0,0,/tjmaxx/clearance,0,0,"<H1 Class=""Product-Brand"">Raisins</H1>",,1,full/e440712b6a6d8875b7706a0690b1c6bc360e4971.jpg,0,base,,1,1,1,0,1,full/e440712b6a6d8875b7706a0690b1c6bc360e4971.jpg
,Use config,0,1,multi,full/d087927426c9d1da7fb29fded4e656cf0c6a7cfa.jpg,Product Info Column,,,"http://img.tjmaxx.com/tjx?set=DisplayName[e3],prd[1000023812_NS1003537],ag[no]&call=url[file:tjxrPRD2.chain]",0,1000018627_multi_S,1,1,Use config,No layout updates,,No,,ColorAndSize,0,S,,full/d087927426c9d1da7fb29fded4e656cf0c6a7cfa.jpg,admin,simple,1,,0,,1,,0,,0,,1,0,0,/tjmaxx/clearance/view all,0,0,"<H1 Class=""Product-Brand"">Philosophy</H1>",,1,full/d087927426c9d1da7fb29fded4e656cf0c6a7cfa.jpg,0,base,,1,1,1,0,1,full/d087927426c9d1da7fb29fded4e656cf0c6a7cfa.jpg
,Use config,0,1,multi,full/d087927426c9d1da7fb29fded4e656cf0c6a7cfa.jpg,Product Info Column,,,"http://img.tjmaxx.com/tjx?set=DisplayName[e3],prd[1000023812_NS1003537],ag[no]&call=url[file:tjxrPRD2.chain]",0,1000018627_multi_M,1,1,Use config,No layout updates,,No,,ColorAndSize,0,M,,full/d087927426c9d1da7fb29fded4e656cf0c6a7cfa.jpg,admin,simple,1,,0,,1,,0,,0,,1,0,0,/tjmaxx/clearance/view all,0,0,"<H1 Class=""Product-Brand"">Philosophy</H1>",,1,full/d087927426c9d1da7fb29fded4e656cf0c6a7cfa.jpg,0,base,,1,1,1,0,1,full/d087927426c9d1da7fb29fded4e656cf0c6a7cfa.jpg
,Use config,0,1,multi,full/d087927426c9d1da7fb29fded4e656cf0c6a7cfa.jpg,Product Info Column,,,"http://img.tjmaxx.com/tjx?set=DisplayName[e3],prd[1000023812_NS1003537],ag[no]&call=url[file:tjxrPRD2.chain]",0,1000018627_multi_L,1,1,Use config,No layout updates,,No,,ColorAndSize,0,L,,full/d087927426c9d1da7fb29fded4e656cf0c6a7cfa.jpg,admin,simple,1,,0,,1,,0,,0,,1,0,0,/tjmaxx/clearance/view all,0,0,"<H1 Class=""Product-Brand"">Philosophy</H1>",,1,full/d087927426c9d1da7fb29fded4e656cf0c6a7cfa.jpg,0,base,,1,1,1,0,1,full/d087927426c9d1da7fb29fded4e656cf0c6a7cfa.jpg
,Use config,0,1,,full/d087927426c9d1da7fb29fded4e656cf0c6a7cfa.jpg,Product Info Column,,,"http://img.tjmaxx.com/tjx?set=DisplayName[e3],prd[1000023812_NS1003537],ag[no]&call=url[file:tjxrPRD2.chain]",0,1000018627,1,1,Use config,No layout updates,,No,,ColorAndSize,0,,,full/d087927426c9d1da7fb29fded4e656cf0c6a7cfa.jpg,admin,simple,1,,0,Sleeve: Short SleeveNeckline: V-NeckLength: 25inClosure: Pull OverFeatures: Floral PrintMaterial: PolyesterImportedMachine Washstyle #:1000023812,1,,0,,0,,1,0,0,/tjmaxx/clearance/view all,0,0,"<H1 Class=""Product-Brand"">Philosophy</H1>",,1,full/d087927426c9d1da7fb29fded4e656cf0c6a7cfa.jpg,0,base,,1,1,1,0,1,full/d087927426c9d1da7fb29fded4e656cf0c6a7cfa.jpg
,Use config,0,1,,full/fcdc73295c30df6fac6bcad40058e16f480d6d77.jpg,Product Info Column,,,"http://img.tjmaxx.com/tjx?set=DisplayName[e3],prd[1000022205_NS1003625],ag[no]&call=url[file:tjxrPRD2.chain]",0,1000019016,1,1,Use config,No layout updates,,No,,,0,,,full/fcdc73295c30df6fac6bcad40058e16f480d6d77.jpg,admin,simple,1,,0,"Sleeve: Long SleeveNeckline: Round NeckLength: 25inClosure: Tie NeckFeatures: Embroidered, PatternedMaterial: ViscoseImportedHand Washstyle #:1000022205",1,,0,,0,,1,0,0,/tjmaxx/clearance/view all,0,0,"<H1 Class=""Product-Brand"">Olive &Amp; Oak</H1>",,1,full/fcdc73295c30df6fac6bcad40058e16f480d6d77.jpg,0,base,,1,1,1,0,1,full/fcdc73295c30df6fac6bcad40058e16f480d6d77.jpg
,Use config,0,1,Red,full/da70c86c91c33d1e61ab342057202a78333b5a20.jpg,Product Info Column,,,"http://img.tjmaxx.com/tjx?set=DisplayName[e3],prd[1000019011_NS1003426],ag[no]&call=url[file:tjxrPRD2.chain]",0,1000019011_Red_S,1,1,Use config,No layout updates,,No,,ColorAndSize,0,S,,full/da70c86c91c33d1e61ab342057202a78333b5a20.jpg,admin,simple,1,,0,,1,,0,,0,,1,0,0,/tjmaxx/clearance/view all,0,0,"<H1 Class=""Product-Brand"">Bcbgeneration</H1>",,1,full/da70c86c91c33d1e61ab342057202a78333b5a20.jpg,0,base,,1,1,1,0,1,full/da70c86c91c33d1e61ab342057202a78333b5a20.jpg
,Use config,0,1,Red,full/da70c86c91c33d1e61ab342057202a78333b5a20.jpg,Product Info Column,,,"http://img.tjmaxx.com/tjx?set=DisplayName[e3],prd[1000019011_NS1003426],ag[no]&call=url[file:tjxrPRD2.chain]",0,1000019011_Red_XS,1,1,Use config,No layout updates,,No,,ColorAndSize,0,XS,,full/da70c86c91c33d1e61ab342057202a78333b5a20.jpg,admin,simple,1,,0,,1,,0,,0,,1,0,0,/tjmaxx/clearance/view all,0,0,"<H1 Class=""Product-Brand"">Bcbgeneration</H1>",,1,full/da70c86c91c33d1e61ab342057202a78333b5a20.jpg,0,base,,1,1,1,0,1,full/da70c86c91c33d1e61ab342057202a78333b5a20.jpg
,Use config,0,1,Red,full/da70c86c91c33d1e61ab342057202a78333b5a20.jpg,Product Info Column,,,"http://img.tjmaxx.com/tjx?set=DisplayName[e3],prd[1000019011_NS1003426],ag[no]&call=url[file:tjxrPRD2.chain]",0,1000019011_Red_M,1,1,Use config,No layout updates,,No,,ColorAndSize,0,M,,full/da70c86c91c33d1e61ab342057202a78333b5a20.jpg,admin,simple,1,,0,,1,,0,,0,,1,0,0,/tjmaxx/clearance/view all,0,0,"<H1 Class=""Product-Brand"">Bcbgeneration</H1>",,1,full/da70c86c91c33d1e61ab342057202a78333b5a20.jpg,0,base,,1,1,1,0,1,full/da70c86c91c33d1e61ab342057202a78333b5a20.jpg
,Use config,0,1,,full/da70c86c91c33d1e61ab342057202a78333b5a20.jpg,Product Info Column,,,"http://img.tjmaxx.com/tjx?set=DisplayName[e3],prd[1000019011_NS1003426],ag[no]&call=url[file:tjxrPRD2.chain]",0,1000019011,1,1,Use config,No layout updates,,No,,ColorAndSize,0,,,full/da70c86c91c33d1e61ab342057202a78333b5a20.jpg,admin,simple,1,,0,Length: 6inMaterial: Nylon/SpandexImportedHand Washstyle #:1000019011,1,,0,,0,,1,0,0,/tjmaxx/clearance/view all,0,0,"<H1 Class=""Product-Brand"">Bcbgeneration</H1>",,1,full/da70c86c91c33d1e61ab342057202a78333b5a20.jpg,0,base,,1,1,1,0,1,full/da70c86c91c33d1e61ab342057202a78333b5a20.jpg
,Use config,0,1,Black,full/2deef2e9628e1ad262434137a2c50b0aba768b1b.jpg,Product Info Column,,,"http://img.tjmaxx.com/tjx?set=DisplayName[e3],prd[1000008510_NS1062297],ag[yes]&call=url[file:tjxrPRD2.chain]",0,1000011666_Black_14,1,1,Use config,No layout updates,,No,,ColorAndSize,0,14,,full/2deef2e9628e1ad262434137a2c50b0aba768b1b.jpg,admin,simple,1,,0,,1,,0,,0,,1,0,0,/tjmaxx/clearance/view all,0,0,"<H1 Class=""Product-Brand"">Naven</H1>",,1,full/2deef2e9628e1ad262434137a2c50b0aba768b1b.jpg,0,base,,1,1,1,0,1,full/2deef2e9628e1ad262434137a2c50b0aba768b1b.jpg
,Use config,0,1,Black,full/2deef2e9628e1ad262434137a2c50b0aba768b1b.jpg,Product Info Column,,,"http://img.tjmaxx.com/tjx?set=DisplayName[e3],prd[1000008510_NS1062297],ag[yes]&call=url[file:tjxrPRD2.chain]",0,1000011666_Black_6,1,1,Use config,No layout updates,,No,,ColorAndSize,0,6,,full/2deef2e9628e1ad262434137a2c50b0aba768b1b.jpg,admin,simple,1,,0,,1,,0,,0,,1,0,0,/tjmaxx/clearance/view all,0,0,"<H1 Class=""Product-Brand"">Naven</H1>",,1,full/2deef2e9628e1ad262434137a2c50b0aba768b1b.jpg,0,base,,1,1,1,0,1,full/2deef2e9628e1ad262434137a2c50b0aba768b1b.jpg
,Use config,0,1,Black,full/2deef2e9628e1ad262434137a2c50b0aba768b1b.jpg,Product Info Column,,,"http://img.tjmaxx.com/tjx?set=DisplayName[e3],prd[1000008510_NS1062297],ag[yes]&call=url[file:tjxrPRD2.chain]",0,1000011666_Black_12,1,1,Use config,No layout updates,,No,,ColorAndSize,0,12,,full/2deef2e9628e1ad262434137a2c50b0aba768b1b.jpg,admin,simple,1,,0,,1,,0,,0,,1,0,0,/tjmaxx/clearance/view all,0,0,"<H1 Class=""Product-Brand"">Naven</H1>",,1,full/2deef2e9628e1ad262434137a2c50b0aba768b1b.jpg,0,base,,1,1,1,0,1,full/2deef2e9628e1ad262434137a2c50b0aba768b1b.jpg
,Use config,0,1,Black,full/2deef2e9628e1ad262434137a2c50b0aba768b1b.jpg,Product Info Column,,,"http://img.tjmaxx.com/tjx?set=DisplayName[e3],prd[1000008510_NS1062297],ag[yes]&call=url[file:tjxrPRD2.chain]",0,1000011666_Black_8,1,1,Use config,No layout updates,,No,,ColorAndSize,0,8,,full/2deef2e9628e1ad262434137a2c50b0aba768b1b.jpg,admin,simple,1,,0,,1,,0,,0,,1,0,0,/tjmaxx/clearance/view all,0,0,"<H1 Class=""Product-Brand"">Naven</H1>",,1,full/2deef2e9628e1ad262434137a2c50b0aba768b1b.jpg,0,base,,1,1,1,0,1,full/2deef2e9628e1ad262434137a2c50b0aba768b1b.jpg
,Use config,0,1,Black,full/2deef2e9628e1ad262434137a2c50b0aba768b1b.jpg,Product Info Column,,,"http://img.tjmaxx.com/tjx?set=DisplayName[e3],prd[1000008510_NS1062297],ag[yes]&call=url[file:tjxrPRD2.chain]",0,1000011666_Black_10,1,1,Use config,No layout updates,,No,,ColorAndSize,0,10,,full/2deef2e9628e1ad262434137a2c50b0aba768b1b.jpg,admin,simple,1,,0,,1,,0,,0,,1,0,0,/tjmaxx/clearance/view all,0,0,"<H1 Class=""Product-Brand"">Naven</H1>",,1,full/2deef2e9628e1ad262434137a2c50b0aba768b1b.jpg,0,base,,1,1,1,0,1,full/2deef2e9628e1ad262434137a2c50b0aba768b1b.jpg
,Use config,0,1,Black,full/2deef2e9628e1ad262434137a2c50b0aba768b1b.jpg,Product Info Column,,,"http://img.tjmaxx.com/tjx?set=DisplayName[e3],prd[1000008510_NS1062297],ag[yes]&call=url[file:tjxrPRD2.chain]",0,1000011666_Black_4,1,1,Use config,No layout updates,,No,,ColorAndSize,0,4,,full/2deef2e9628e1ad262434137a2c50b0aba768b1b.jpg,admin,simple,1,,0,,1,,0,,0,,1,0,0,/tjmaxx/clearance/view all,0,0,"<H1 Class=""Product-Brand"">Naven</H1>",,1,full/2deef2e9628e1ad262434137a2c50b0aba768b1b.jpg,0,base,,1,1,1,0,1,full/2deef2e9628e1ad262434137a2c50b0aba768b1b.jpg
,Use config,0,1,Black,full/2deef2e9628e1ad262434137a2c50b0aba768b1b.jpg,Product Info Column,,,"http://img.tjmaxx.com/tjx?set=DisplayName[e3],prd[1000008510_NS1062297],ag[yes]&call=url[file:tjxrPRD2.chain]",0,1000011666_Black_2,1,1,Use config,No layout updates,,No,,ColorAndSize,0,2,,full/2deef2e9628e1ad262434137a2c50b0aba768b1b.jpg,admin,simple,1,,0,,1,,0,,0,,1,0,0,/tjmaxx/clearance/view all,0,0,"<H1 Class=""Product-Brand"">Naven</H1>",,1,full/2deef2e9628e1ad262434137a2c50b0aba768b1b.jpg,0,base,,1,1,1,0,1,full/2deef2e9628e1ad262434137a2c50b0aba768b1b.jpg
,Use config,0,1,,full/2deef2e9628e1ad262434137a2c50b0aba768b1b.jpg,Product Info Column,,,"http://img.tjmaxx.com/tjx?set=DisplayName[e3],prd[1000008510_NS1062297],ag[yes]&call=url[file:tjxrPRD2.chain]",0,1000011666,1,1,Use config,No layout updates,,No,,ColorAndSize,0,,,full/2deef2e9628e1ad262434137a2c50b0aba768b1b.jpg,admin,simple,1,,0,"A printed babydoll dress with spaghetti straps and an open backSlips OnLength: 28in, taken from size smallModel's measurements: 5ft 9in height, 35in bust, 25in waist, 36in hipsModel is wearing size smallMaterial: Polyester, Lining: PolyesterMade in USADry Cleanstyle #:1000008510",1,,0,,0,,1,0,0,/tjmaxx/clearance/view all,0,0,"<H1 Class=""Product-Brand"">Naven</H1>",,1,full/2deef2e9628e1ad262434137a2c50b0aba768b1b.jpg,0,base,,1,1,1,0,1,full/2deef2e9628e1ad262434137a2c50b0aba768b1b.jpg
,Use config,0,1,,full/48eae8de535e864879fbb2e6fc87df9e778f6507.jpg,Product Info Column,,,"http://img.tjmaxx.com/tjx?set=DisplayName[e3],prd[1000019994_NS1003463],ag[no]&call=url[file:tjxrPRD2.chain]",0,1000019994,1,1,Use config,No layout updates,,No,,,0,,,full/48eae8de535e864879fbb2e6fc87df9e778f6507.jpg,admin,simple,1,,0,"Dimensions: 14.25in W x 30in H x 12.5in DWheels: 2 WheelsFeatures: Airport Friendly Lock, Retractable HandleClosure: Zip UpWarranty: Manufacturer WarrantyMaterial: Non LeatherImportedCalifornia residents: For proposition 65 warning, click here style #:1000019994",1,,0,,0,,1,0,0,/tjmaxx/clearance/view all,0,0,"<H1 Class=""Product-Brand"">Victorinox</H1>",,1,full/48eae8de535e864879fbb2e6fc87df9e778f6507.jpg,0,base,,1,1,1,0,1,full/48eae8de535e864879fbb2e6fc87df9e778f6507.jpg
,Use config,0,1,Pink,full/cc0f00a5f78ddf814f15e0d1f4a9eba0f11ae6ff.jpg,Product Info Column,,,"http://img.tjmaxx.com/tjx?set=DisplayName[e3],prd[1000017614_NS1003516],ag[no]&call=url[file:tjxrPRD2.chain]",0,1000017614_Pink_M,1,1,Use config,No layout updates,,No,,ColorAndSize,0,M,,full/cc0f00a5f78ddf814f15e0d1f4a9eba0f11ae6ff.jpg,admin,simple,1,,0,,1,,0,,0,,1,0,0,/tjmaxx/clearance/view all,0,0,"<H1 Class=""Product-Brand"">French Connection</H1>",,1,full/cc0f00a5f78ddf814f15e0d1f4a9eba0f11ae6ff.jpg,0,base,,1,1,1,0,1,full/cc0f00a5f78ddf814f15e0d1f4a9eba0f11ae6ff.jpg
,Use config,0,1,Pink,full/cc0f00a5f78ddf814f15e0d1f4a9eba0f11ae6ff.jpg,Product Info Column,,,"http://img.tjmaxx.com/tjx?set=DisplayName[e3],prd[1000017614_NS1003516],ag[no]&call=url[file:tjxrPRD2.chain]",0,1000017614_Pink_S,1,1,Use config,No layout updates,,No,,ColorAndSize,0,S,,full/cc0f00a5f78ddf814f15e0d1f4a9eba0f11ae6ff.jpg,admin,simple,1,,0,,1,,0,,0,,1,0,0,/tjmaxx/clearance/view all,0,0,"<H1 Class=""Product-Brand"">French Connection</H1>",,1,full/cc0f00a5f78ddf814f15e0d1f4a9eba0f11ae6ff.jpg,0,base,,1,1,1,0,1,full/cc0f00a5f78ddf814f15e0d1f4a9eba0f11ae6ff.jpg
,Use config,0,1,Pink,full/cc0f00a5f78ddf814f15e0d1f4a9eba0f11ae6ff.jpg,Product Info Column,,,"http://img.tjmaxx.com/tjx?set=DisplayName[e3],prd[1000017614_NS1003516],ag[no]&call=url[file:tjxrPRD2.chain]",0,1000017614_Pink_L,1,1,Use config,No layout updates,,No,,ColorAndSize,0,L,,full/cc0f00a5f78ddf814f15e0d1f4a9eba0f11ae6ff.jpg,admin,simple,1,,0,,1,,0,,0,,1,0,0,/tjmaxx/clearance/view all,0,0,"<H1 Class=""Product-Brand"">French Connection</H1>",,1,full/cc0f00a5f78ddf814f15e0d1f4a9eba0f11ae6ff.jpg,0,base,,1,1,1,0,1,full/cc0f00a5f78ddf814f15e0d1f4a9eba0f11ae6ff.jpg
,Use config,0,1,,full/cc0f00a5f78ddf814f15e0d1f4a9eba0f11ae6ff.jpg,Product Info Column,,,"http://img.tjmaxx.com/tjx?set=DisplayName[e3],prd[1000017614_NS1003516],ag[no]&call=url[file:tjxrPRD2.chain]",0,1000017614,1,1,Use config,No layout updates,,No,,ColorAndSize,0,,,full/cc0f00a5f78ddf814f15e0d1f4a9eba0f11ae6ff.jpg,admin,simple,1,,0,"Features: Side Tie, EmbroideredLength: 9inMaterial: Polyamide/Elastane, Lining: PolyamideImportedHand Washstyle #:1000017614",1,,0,,0,,1,0,0,/tjmaxx/clearance/view all,0,0,"<H1 Class=""Product-Brand"">French Connection</H1>",,1,full/cc0f00a5f78ddf814f15e0d1f4a9eba0f11ae6ff.jpg,0,base,,1,1,1,0,1,full/cc0f00a5f78ddf814f15e0d1f4a9eba0f11ae6ff.jpg
,Use config,0,1,multi,full/67c2b232d8530053208ab7308fbc62938237d39e.jpg,Product Info Column,,,"http://img.tjmaxx.com/tjx?set=DisplayName[e3],prd[1000024807_NS1003538],ag[no]&call=url[file:tjxrPRD2.chain]",0,1000024807_multi_S,1,1,Use config,No layout updates,,No,,ColorAndSize,0,S,,full/67c2b232d8530053208ab7308fbc62938237d39e.jpg,admin,simple,1,,0,,1,,0,,0,,1,0,0,/tjmaxx/clearance/view all,0,0,"<H1 Class=""Product-Brand"">Sans Souci</H1>",,1,full/67c2b232d8530053208ab7308fbc62938237d39e.jpg,0,base,,1,1,1,0,1,full/67c2b232d8530053208ab7308fbc62938237d39e.jpg
,Use config,0,1,multi,full/67c2b232d8530053208ab7308fbc62938237d39e.jpg,Product Info Column,,,"http://img.tjmaxx.com/tjx?set=DisplayName[e3],prd[1000024807_NS1003538],ag[no]&call=url[file:tjxrPRD2.chain]",0,1000024807_multi_M,1,1,Use config,No layout updates,,No,,ColorAndSize,0,M,,full/67c2b232d8530053208ab7308fbc62938237d39e.jpg,admin,simple,1,,0,,1,,0,,0,,1,0,0,/tjmaxx/clearance/view all,0,0,"<H1 Class=""Product-Brand"">Sans Souci</H1>",,1,full/67c2b232d8530053208ab7308fbc62938237d39e.jpg,0,base,,1,1,1,0,1,full/67c2b232d8530053208ab7308fbc62938237d39e.jpg
,Use config,0,1,,full/67c2b232d8530053208ab7308fbc62938237d39e.jpg,Product Info Column,,,"http://img.tjmaxx.com/tjx?set=DisplayName[e3],prd[1000024807_NS1003538],ag[no]&call=url[file:tjxrPRD2.chain]",0,1000024807,1,1,Use config,No layout updates,,No,,ColorAndSize,0,,,full/67c2b232d8530053208ab7308fbc62938237d39e.jpg,admin,simple,1,,0,Juniors SizingSleeve: SleevelessNeckline: Scoop NeckLength: 51.5inClosure: Slip OnFeatures: Floral PrintMaterial: RayonImportedHand Washstyle #:1000024807,1,,0,,0,,1,0,0,/tjmaxx/clearance/view all,0,0,"<H1 Class=""Product-Brand"">Sans Souci</H1>",,1,full/67c2b232d8530053208ab7308fbc62938237d39e.jpg,0,base,,1,1,1,0,1,full/67c2b232d8530053208ab7308fbc62938237d39e.jpg
,Use config,0,1,Pink,full/38b73d0b521953c3bdbdc3d46257624aa1dd9b9a.jpg,Product Info Column,,,"http://img.tjmaxx.com/tjx?set=DisplayName[e3],prd[1000023351_NS1003538],ag[no]&call=url[file:tjxrPRD2.chain]",0,1000019068_Pink_XL,1,1,Use config,No layout updates,,No,,ColorAndSize,0,XL,,full/38b73d0b521953c3bdbdc3d46257624aa1dd9b9a.jpg,admin,simple,1,,0,,1,,0,,0,,1,0,0,/tjmaxx/clearance/view all,0,0,"<H1 Class=""Product-Brand"">Dakota Collective</H1>",,1,full/38b73d0b521953c3bdbdc3d46257624aa1dd9b9a.jpg,0,base,,1,1,1,0,1,full/38b73d0b521953c3bdbdc3d46257624aa1dd9b9a.jpg
,Use config,0,1,Blue,full/38b73d0b521953c3bdbdc3d46257624aa1dd9b9a.jpg,Product Info Column,,,"http://img.tjmaxx.com/tjx?set=DisplayName[e3],prd[1000023351_NS1003538],ag[no]&call=url[file:tjxrPRD2.chain]",0,1000019068_Blue_M,1,1,Use config,No layout updates,,No,,ColorAndSize,0,M,,full/38b73d0b521953c3bdbdc3d46257624aa1dd9b9a.jpg,admin,simple,1,,0,,1,,0,,0,,1,0,0,/tjmaxx/clearance/view all,0,0,"<H1 Class=""Product-Brand"">Dakota Collective</H1>",,1,full/38b73d0b521953c3bdbdc3d46257624aa1dd9b9a.jpg,0,base,,1,1,1,0,1,full/38b73d0b521953c3bdbdc3d46257624aa1dd9b9a.jpg
,Use config,0,1,Blue,full/38b73d0b521953c3bdbdc3d46257624aa1dd9b9a.jpg,Product Info Column,,,"http://img.tjmaxx.com/tjx?set=DisplayName[e3],prd[1000023351_NS1003538],ag[no]&call=url[file:tjxrPRD2.chain]",0,1000019068_Blue_S,1,1,Use config,No layout updates,,No,,ColorAndSize,0,S,,full/38b73d0b521953c3bdbdc3d46257624aa1dd9b9a.jpg,admin,simple,1,,0,,1,,0,,0,,1,0,0,/tjmaxx/clearance/view all,0,0,"<H1 Class=""Product-Brand"">Dakota Collective</H1>",,1,full/38b73d0b521953c3bdbdc3d46257624aa1dd9b9a.jpg,0,base,,1,1,1,0,1,full/38b73d0b521953c3bdbdc3d46257624aa1dd9b9a.jpg
,Use config,0,1,Pink,full/38b73d0b521953c3bdbdc3d46257624aa1dd9b9a.jpg,Product Info Column,,,"http://img.tjmaxx.com/tjx?set=DisplayName[e3],prd[1000023351_NS1003538],ag[no]&call=url[file:tjxrPRD2.chain]",0,1000019068_Pink_S,1,1,Use config,No layout updates,,No,,ColorAndSize,0,S,,full/38b73d0b521953c3bdbdc3d46257624aa1dd9b9a.jpg,admin,simple,1,,0,,1,,0,,0,,1,0,0,/tjmaxx/clearance/view all,0,0,"<H1 Class=""Product-Brand"">Dakota Collective</H1>",,1,full/38b73d0b521953c3bdbdc3d46257624aa1dd9b9a.jpg,0,base,,1,1,1,0,1,full/38b73d0b521953c3bdbdc3d46257624aa1dd9b9a.jpg
,Use config,0,1,,full/38b73d0b521953c3bdbdc3d46257624aa1dd9b9a.jpg,Product Info Column,,,"http://img.tjmaxx.com/tjx?set=DisplayName[e3],prd[1000023351_NS1003538],ag[no]&call=url[file:tjxrPRD2.chain]",0,1000019068,1,1,Use config,No layout updates,,No,,ColorAndSize,0,,,full/38b73d0b521953c3bdbdc3d46257624aa1dd9b9a.jpg,admin,simple,1,,0,"Cut: ShortsFit: Mid RiseInseam: 2.5inPockets: 5 Pocket StyleFeatures: Printed, Raw HemMaterial: Cotton/Polyester/SpandexUSAMachine Washstyle #:1000023351",1,,0,,0,,1,0,0,/tjmaxx/clearance/view all,0,0,"<H1 Class=""Product-Brand"">Dakota Collective</H1>",,1,full/38b73d0b521953c3bdbdc3d46257624aa1dd9b9a.jpg,0,base,,1,1,1,0,1,full/38b73d0b521953c3bdbdc3d46257624aa1dd9b9a.jpg
,Use config,0,1,,full/810dd55951459f5e9f88917a68aa17408e3f040a.jpg,Product Info Column,,,"http://img.tjmaxx.com/tjx?set=DisplayName[e3],prd[1000018627_NS1003538],ag[no]&call=url[file:tjxrPRD2.chain]",0,1000019010,1,1,Use config,No layout updates,,No,,,0,,,full/810dd55951459f5e9f88917a68aa17408e3f040a.jpg,admin,simple,1,,0,"Features: Printed, Halter TopLength: 7.5inMaterial: Nylon/SpandexImportedHand Washstyle #:1000018627",1,,0,,0,,1,0,0,/tjmaxx/clearance/view all,0,0,"<H1 Class=""Product-Brand"">Raisins</H1>",,1,full/810dd55951459f5e9f88917a68aa17408e3f040a.jpg,0,base,,1,1,1,0,1,full/810dd55951459f5e9f88917a68aa17408e3f040a.jpg
,Use config,0,1,,full/f49f8d4d834b40c09feea732da68f530c4fca8bf.jpg,Product Info Column,,,"http://img.tjmaxx.com/tjx?set=DisplayName[e3],prd[1000019016_NS1003465],ag[no]&call=url[file:tjxrPRD2.chain]",0,1000022161,1,1,Use config,No layout updates,,No,,,0,,,full/f49f8d4d834b40c09feea732da68f530c4fca8bf.jpg,admin,simple,1,,0,Length: 6inMaterial: Nylon SpandexImportedHand Washstyle #:1000019016,1,,0,,0,,1,0,0,/tjmaxx/clearance/view all,0,0,"<H1 Class=""Product-Brand"">Bcbgeneration</H1>",,1,full/f49f8d4d834b40c09feea732da68f530c4fca8bf.jpg,0,base,,1,1,1,0,1,full/f49f8d4d834b40c09feea732da68f530c4fca8bf.jpg
,Use config,0,1,Blue,full/c81c2ba904363d231e58637e628d113b8c98f38c.jpg,Product Info Column,,,"http://img.tjmaxx.com/tjx?set=DisplayName[e3],prd[1000019089_NS1003516],ag[no]&call=url[file:tjxrPRD2.chain]",0,1000019089_Blue_S,1,1,Use config,No layout updates,,No,,ColorAndSize,0,S,,full/c81c2ba904363d231e58637e628d113b8c98f38c.jpg,admin,simple,1,,0,,1,,0,,0,,1,0,0,/tjmaxx/clearance/view all,0,0,"<H1 Class=""Product-Brand"">Oakley</H1>",,1,full/c81c2ba904363d231e58637e628d113b8c98f38c.jpg,0,base,,1,1,1,0,1,full/c81c2ba904363d231e58637e628d113b8c98f38c.jpg
,Use config,0,1,Graphite,full/c81c2ba904363d231e58637e628d113b8c98f38c.jpg,Product Info Column,,,"http://img.tjmaxx.com/tjx?set=DisplayName[e3],prd[1000019089_NS1003516],ag[no]&call=url[file:tjxrPRD2.chain]",0,1000019089_Graphite_XS,1,1,Use config,No layout updates,,No,,ColorAndSize,0,XS,,full/c81c2ba904363d231e58637e628d113b8c98f38c.jpg,admin,simple,1,,0,,1,,0,,0,,1,0,0,/tjmaxx/clearance/view all,0,0,"<H1 Class=""Product-Brand"">Oakley</H1>",,1,full/c81c2ba904363d231e58637e628d113b8c98f38c.jpg,0,base,,1,1,1,0,1,full/c81c2ba904363d231e58637e628d113b8c98f38c.jpg
,Use config,0,1,Blue,full/c81c2ba904363d231e58637e628d113b8c98f38c.jpg,Product Info Column,,,"http://img.tjmaxx.com/tjx?set=DisplayName[e3],prd[1000019089_NS1003516],ag[no]&call=url[file:tjxrPRD2.chain]",0,1000019089_Blue_M,1,1,Use config,No layout updates,,No,,ColorAndSize,0,M,,full/c81c2ba904363d231e58637e628d113b8c98f38c.jpg,admin,simple,1,,0,,1,,0,,0,,1,0,0,/tjmaxx/clearance/view all,0,0,"<H1 Class=""Product-Brand"">Oakley</H1>",,1,full/c81c2ba904363d231e58637e628d113b8c98f38c.jpg,0,base,,1,1,1,0,1,full/c81c2ba904363d231e58637e628d113b8c98f38c.jpg
,Use config,0,1,,full/c81c2ba904363d231e58637e628d113b8c98f38c.jpg,Product Info Column,,,"http://img.tjmaxx.com/tjx?set=DisplayName[e3],prd[1000019089_NS1003516],ag[no]&call=url[file:tjxrPRD2.chain]",0,1000019089,1,1,Use config,No layout updates,,No,,ColorAndSize,0,,,full/c81c2ba904363d231e58637e628d113b8c98f38c.jpg,admin,simple,1,,0,"Features: Printed, Top Sold Separately, Shape Retention, Sand ResistantLength: 8.5inMaterial: Nylon/Spandex, Lining: Polyester/SpandexImportedHand Washstyle #:1000019080",1,,0,,0,,1,0,0,/tjmaxx/clearance/view all,0,0,"<H1 Class=""Product-Brand"">Oakley</H1>",,1,full/c81c2ba904363d231e58637e628d113b8c98f38c.jpg,0,base,,1,1,1,0,1,full/c81c2ba904363d231e58637e628d113b8c98f38c.jpg
,Use config,0,1,aqua,full/04548cb3d47935dd4761f33e73aea05815c11f28.jpg,Product Info Column,,,"http://img.tjmaxx.com/tjx?set=DisplayName[e3],prd[1000019014_NS1003465],ag[yes]&call=url[file:tjxrPRD2.chain]",0,1000019014_aqua_L,1,1,Use config,No layout updates,,No,,ColorAndSize,0,L,,full/04548cb3d47935dd4761f33e73aea05815c11f28.jpg,admin,simple,1,,0,,1,,0,,0,,1,0,0,/tjmaxx/clearance/view all,0,0,"<H1 Class=""Product-Brand"">Bcbgeneration</H1>",,1,full/04548cb3d47935dd4761f33e73aea05815c11f28.jpg,0,base,,1,1,1,0,1,full/04548cb3d47935dd4761f33e73aea05815c11f28.jpg
,Use config,0,1,aqua,full/04548cb3d47935dd4761f33e73aea05815c11f28.jpg,Product Info Column,,,"http://img.tjmaxx.com/tjx?set=DisplayName[e3],prd[1000019014_NS1003465],ag[yes]&call=url[file:tjxrPRD2.chain]",0,1000019014_aqua_M,1,1,Use config,No layout updates,,No,,ColorAndSize,0,M,,full/04548cb3d47935dd4761f33e73aea05815c11f28.jpg,admin,simple,1,,0,,1,,0,,0,,1,0,0,/tjmaxx/clearance/view all,0,0,"<H1 Class=""Product-Brand"">Bcbgeneration</H1>",,1,full/04548cb3d47935dd4761f33e73aea05815c11f28.jpg,0,base,,1,1,1,0,1,full/04548cb3d47935dd4761f33e73aea05815c11f28.jpg
,Use config,0,1,,full/04548cb3d47935dd4761f33e73aea05815c11f28.jpg,Product Info Column,,,"http://img.tjmaxx.com/tjx?set=DisplayName[e3],prd[1000019014_NS1003465],ag[yes]&call=url[file:tjxrPRD2.chain]",0,1000019014,1,1,Use config,No layout updates,,No,,ColorAndSize,0,,,full/04548cb3d47935dd4761f33e73aea05815c11f28.jpg,admin,simple,1,,0,Length: 7inMaterial: Nylon/SpandexImportedHand Washstyle #:1000019014,1,,0,,0,,1,0,0,/tjmaxx/clearance/view all,0,0,"<H1 Class=""Product-Brand"">Bcbgeneration</H1>",,1,full/04548cb3d47935dd4761f33e73aea05815c11f28.jpg,0,base,,1,1,1,0,1,full/04548cb3d47935dd4761f33e73aea05815c11f28.jpg
,Use config,0,1,Navy,full/6fa32cbaf8324652df59db20a4aad2c1510a93ec.jpg,Product Info Column,,,"http://img.tjmaxx.com/tjx?set=DisplayName[e3],prd[1000020995_NS1003463],ag[no]&call=url[file:tjxrPRD2.chain]",0,1000020995_Navy_S,1,1,Use config,No layout updates,,No,,ColorAndSize,0,S,,full/6fa32cbaf8324652df59db20a4aad2c1510a93ec.jpg,admin,simple,1,,0,,1,,0,,0,,1,0,0,/tjmaxx/clearance/view all,0,0,"<H1 Class=""Product-Brand"">Sans Souci</H1>",,1,full/6fa32cbaf8324652df59db20a4aad2c1510a93ec.jpg,0,base,,1,1,1,0,1,full/6fa32cbaf8324652df59db20a4aad2c1510a93ec.jpg
,Use config,0,1,Navy,full/6fa32cbaf8324652df59db20a4aad2c1510a93ec.jpg,Product Info Column,,,"http://img.tjmaxx.com/tjx?set=DisplayName[e3],prd[1000020995_NS1003463],ag[no]&call=url[file:tjxrPRD2.chain]",0,1000020995_Navy_M,1,1,Use config,No layout updates,,No,,ColorAndSize,0,M,,full/6fa32cbaf8324652df59db20a4aad2c1510a93ec.jpg,admin,simple,1,,0,,1,,0,,0,,1,0,0,/tjmaxx/clearance/view all,0,0,"<H1 Class=""Product-Brand"">Sans Souci</H1>",,1,full/6fa32cbaf8324652df59db20a4aad2c1510a93ec.jpg,0,base,,1,1,1,0,1,full/6fa32cbaf8324652df59db20a4aad2c1510a93ec.jpg
,Use config,0,1,Navy,full/6fa32cbaf8324652df59db20a4aad2c1510a93ec.jpg,Product Info Column,,,"http://img.tjmaxx.com/tjx?set=DisplayName[e3],prd[1000020995_NS1003463],ag[no]&call=url[file:tjxrPRD2.chain]",0,1000020995_Navy_L,1,1,Use config,No layout updates,,No,,ColorAndSize,0,L,,full/6fa32cbaf8324652df59db20a4aad2c1510a93ec.jpg,admin,simple,1,,0,,1,,0,,0,,1,0,0,/tjmaxx/clearance/view all,0,0,"<H1 Class=""Product-Brand"">Sans Souci</H1>",,1,full/6fa32cbaf8324652df59db20a4aad2c1510a93ec.jpg,0,base,,1,1,1,0,1,full/6fa32cbaf8324652df59db20a4aad2c1510a93ec.jpg
,Use config,0,1,,full/6fa32cbaf8324652df59db20a4aad2c1510a93ec.jpg,Product Info Column,,,"http://img.tjmaxx.com/tjx?set=DisplayName[e3],prd[1000020995_NS1003463],ag[no]&call=url[file:tjxrPRD2.chain]",0,1000020995,1,1,Use config,No layout updates,,No,,ColorAndSize,0,,,full/6fa32cbaf8324652df59db20a4aad2c1510a93ec.jpg,admin,simple,1,,0,Juniors SizingSleeve: Tab SleeveNeckline: Lapel CollarLength: 25inClosure: Button UpFeatures: Plaid DetailMaterial: PolyesterImportedHand Washstyle #:1000020995,1,,0,,0,,1,0,0,/tjmaxx/clearance/view all,0,0,"<H1 Class=""Product-Brand"">Sans Souci</H1>",,1,full/6fa32cbaf8324652df59db20a4aad2c1510a93ec.jpg,0,base,,1,1,1,0,1,full/6fa32cbaf8324652df59db20a4aad2c1510a93ec.jpg
,Use config,0,1,Green,full/e934bd15f60c9a9c05c324f7613935833bb49223.jpg,Product Info Column,,,"http://img.tjmaxx.com/tjx?set=DisplayName[e3],prd[1000026288_NS1003534],ag[no]&call=url[file:tjxrPRD2.chain]",0,1000019093_Green_XL,1,1,Use config,No layout updates,,No,,ColorAndSize,0,XL,,full/e934bd15f60c9a9c05c324f7613935833bb49223.jpg,admin,simple,1,,0,,1,,0,,0,,1,0,0,/tjmaxx/clearance/view all,0,0,"<H1 Class=""Product-Brand"">Max Studio</H1>",,1,full/e934bd15f60c9a9c05c324f7613935833bb49223.jpg,0,base,,1,1,1,0,1,full/e934bd15f60c9a9c05c324f7613935833bb49223.jpg
,Use config,0,1,Pink,full/e934bd15f60c9a9c05c324f7613935833bb49223.jpg,Product Info Column,,,"http://img.tjmaxx.com/tjx?set=DisplayName[e3],prd[1000026288_NS1003534],ag[no]&call=url[file:tjxrPRD2.chain]",0,1000019093_Pink_XS,1,1,Use config,No layout updates,,No,,ColorAndSize,0,XS,,full/e934bd15f60c9a9c05c324f7613935833bb49223.jpg,admin,simple,1,,0,,1,,0,,0,,1,0,0,/tjmaxx/clearance/view all,0,0,"<H1 Class=""Product-Brand"">Max Studio</H1>",,1,full/e934bd15f60c9a9c05c324f7613935833bb49223.jpg,0,base,,1,1,1,0,1,full/e934bd15f60c9a9c05c324f7613935833bb49223.jpg
,Use config,0,1,,full/e934bd15f60c9a9c05c324f7613935833bb49223.jpg,Product Info Column,,,"http://img.tjmaxx.com/tjx?set=DisplayName[e3],prd[1000026288_NS1003534],ag[no]&call=url[file:tjxrPRD2.chain]",0,1000019093,1,1,Use config,No layout updates,,No,,ColorAndSize,0,,,full/e934bd15f60c9a9c05c324f7613935833bb49223.jpg,admin,simple,1,,0,Sleeve: Cap SleeveNeckline: Scoop NeckLength: 26inClosure: Pull OverMaterial: Rayon/Linen/SpandexImportedMachine Washstyle #:1000027766,1,,0,,0,,1,0,0,/tjmaxx/clearance/view all,0,0,"<H1 Class=""Product-Brand"">Max Studio</H1>",,1,full/e934bd15f60c9a9c05c324f7613935833bb49223.jpg,0,base,,1,1,1,0,1,full/e934bd15f60c9a9c05c324f7613935833bb49223.jpg
,Use config,0,1,,full/6eaf2e064fb97af44e4cf08463ee34a876def103.jpg,Product Info Column,,,"http://img.tjmaxx.com/tjx?set=DisplayName[e3],prd[1000019094_NS1003583],ag[no]&call=url[file:tjxrPRD2.chain]",0,1000019094,1,1,Use config,No layout updates,,No,,,0,,,full/6eaf2e064fb97af44e4cf08463ee34a876def103.jpg,admin,simple,1,,0,"Features: Printed, Tie Front, Shape Retention, Sand Resistant, Bottom Sold Separately, LogoLength: 17inMaterial: Nylon/Spandex, Lining: Polyester/SpandexImportedHand Washstyle #:1000019094",1,,0,,0,,1,0,0,/tjmaxx/clearance/view all,0,0,"<H1 Class=""Product-Brand"">Oakley</H1>",,1,full/6eaf2e064fb97af44e4cf08463ee34a876def103.jpg,0,base,,1,1,1,0,1,full/6eaf2e064fb97af44e4cf08463ee34a876def103.jpg
,Use config,0,1,Green,full/56ae5571436d2faff6e1285eccd9a194966ec3bd.jpg,Product Info Column,,,"http://img.tjmaxx.com/tjx?set=DisplayName[e3],prd[1000019090_NS1003516],ag[no]&call=url[file:tjxrPRD2.chain]",0,1000019043_Green_XS,1,1,Use config,No layout updates,,No,,ColorAndSize,0,XS,,full/56ae5571436d2faff6e1285eccd9a194966ec3bd.jpg,admin,simple,1,,0,,1,,0,,0,,1,0,0,/tjmaxx/clearance/view all,0,0,"<H1 Class=""Product-Brand"">Oakley</H1>",,1,full/56ae5571436d2faff6e1285eccd9a194966ec3bd.jpg,0,base,,1,1,1,0,1,full/56ae5571436d2faff6e1285eccd9a194966ec3bd.jpg
,Use config,0,1,Blue,full/56ae5571436d2faff6e1285eccd9a194966ec3bd.jpg,Product Info Column,,,"http://img.tjmaxx.com/tjx?set=DisplayName[e3],prd[1000019090_NS1003516],ag[no]&call=url[file:tjxrPRD2.chain]",0,1000019043_Blue_XS,1,1,Use config,No layout updates,,No,,ColorAndSize,0,XS,,full/56ae5571436d2faff6e1285eccd9a194966ec3bd.jpg,admin,simple,1,,0,,1,,0,,0,,1,0,0,/tjmaxx/clearance/view all,0,0,"<H1 Class=""Product-Brand"">Oakley</H1>",,1,full/56ae5571436d2faff6e1285eccd9a194966ec3bd.jpg,0,base,,1,1,1,0,1,full/56ae5571436d2faff6e1285eccd9a194966ec3bd.jpg
,Use config,0,1,,full/56ae5571436d2faff6e1285eccd9a194966ec3bd.jpg,Product Info Column,,,"http://img.tjmaxx.com/tjx?set=DisplayName[e3],prd[1000019090_NS1003516],ag[no]&call=url[file:tjxrPRD2.chain]",0,1000019043,1,1,Use config,No layout updates,,No,,ColorAndSize,0,,,full/56ae5571436d2faff6e1285eccd9a194966ec3bd.jpg,admin,simple,1,,0,"Features: Printed, Shape Retention, Sand Resistant, Bottom Sold SeparatelyLength: 11inMaterial: Nylon/Spandex, Lining: Polyester/SpandexImportedHand Washstyle #:1000019086",1,,0,,0,,1,0,0,/tjmaxx/clearance/view all,0,0,"<H1 Class=""Product-Brand"">Oakley</H1>",,1,full/56ae5571436d2faff6e1285eccd9a194966ec3bd.jpg,0,base,,1,1,1,0,1,full/56ae5571436d2faff6e1285eccd9a194966ec3bd.jpg
,Use config,0,1,fuschia,full/c49ab29e89cded5f69bd3e3b1043e01a52df4be1.jpg,Product Info Column,,,"http://img.tjmaxx.com/tjx?set=DisplayName[e3],prd[1000027887_NS1003426],ag[no]&call=url[file:tjxrPRD2.chain]",0,1000027887_fuschia,1,1,Use config,No layout updates,,No,,ColorOnly,0,,,full/c49ab29e89cded5f69bd3e3b1043e01a52df4be1.jpg,admin,simple,1,,0,,1,,0,,0,,1,0,0,/tjmaxx/clearance/view all,0,0,"<H1 Class=""Product-Brand"">Love Trove</H1>",,1,full/c49ab29e89cded5f69bd3e3b1043e01a52df4be1.jpg,0,base,,1,1,1,0,1,full/c49ab29e89cded5f69bd3e3b1043e01a52df4be1.jpg
,Use config,0,1,Red,full/c49ab29e89cded5f69bd3e3b1043e01a52df4be1.jpg,Product Info Column,,,"http://img.tjmaxx.com/tjx?set=DisplayName[e3],prd[1000027887_NS1003426],ag[no]&call=url[file:tjxrPRD2.chain]",0,1000027887_Red,1,1,Use config,No layout updates,,No,,ColorOnly,0,,,full/c49ab29e89cded5f69bd3e3b1043e01a52df4be1.jpg,admin,simple,1,,0,,1,,0,,0,,1,0,0,/tjmaxx/clearance/view all,0,0,"<H1 Class=""Product-Brand"">Love Trove</H1>",,1,full/c49ab29e89cded5f69bd3e3b1043e01a52df4be1.jpg,0,base,,1,1,1,0,1,full/c49ab29e89cded5f69bd3e3b1043e01a52df4be1.jpg
,Use config,0,1,,full/c49ab29e89cded5f69bd3e3b1043e01a52df4be1.jpg,Product Info Column,,,"http://img.tjmaxx.com/tjx?set=DisplayName[e3],prd[1000027887_NS1003426],ag[no]&call=url[file:tjxrPRD2.chain]",0,1000027887,1,1,Use config,No layout updates,,No,,ColorOnly,0,,,full/c49ab29e89cded5f69bd3e3b1043e01a52df4be1.jpg,admin,simple,1,,0,"Dimensions: 11.5in W X 12in HFeatures: Drawcord Closure, Fold Over Flap, Magnetic Snap Lock, Adjustable Straps, Top HandlePockets: Interior Fabric PocketsMaterial: Non LeatherImportedstyle #:1000027887",1,,0,,0,,1,0,0,/tjmaxx/clearance/view all,0,0,"<H1 Class=""Product-Brand"">Love Trove</H1>",,1,full/c49ab29e89cded5f69bd3e3b1043e01a52df4be1.jpg,0,base,,1,1,1,0,1,full/c49ab29e89cded5f69bd3e3b1043e01a52df4be1.jpg
,Use config,0,1,,full/98be8e2831010e4cb5e91406ad0c29f96a57583d.jpg,Product Info Column,,,"http://img.tjmaxx.com/tjx?set=DisplayName[e3],prd[1000005902_NS1003608],ag[no]&call=url[file:tjxrPRD2.chain]",0,1000005902,1,1,Use config,No layout updates,,No,,,0,,,full/98be8e2831010e4cb5e91406ad0c29f96a57583d.jpg,admin,simple,1,,0,Cut: StraightFit: Slim FitInseam: 32 inPockets: 5 Pocket StyleMaterial: Cotton/PolyesterCountry of Origin: PakistanMachine Washstyle #:1000005902,1,,0,,0,,1,0,0,/tjmaxx/clearance/view all,0,0,"<H1 Class=""Product-Brand"">Dl1961</H1>",,1,full/98be8e2831010e4cb5e91406ad0c29f96a57583d.jpg,0,base,,1,1,1,0,1,full/98be8e2831010e4cb5e91406ad0c29f96a57583d.jpg
,Use config,0,1,Pink,full/e6f4cc2c2f7b67135ba78e2734428b9681ce5321.jpg,Product Info Column,,,"http://img.tjmaxx.com/tjx?set=DisplayName[e3],prd[1000019068_NS1003516],ag[no]&call=url[file:tjxrPRD2.chain]",0,1000019080_Pink_S,1,1,Use config,No layout updates,,No,,ColorAndSize,0,S,,full/e6f4cc2c2f7b67135ba78e2734428b9681ce5321.jpg,admin,simple,1,,0,,1,,0,,0,,1,0,0,/tjmaxx/clearance/view all,0,0,"<H1 Class=""Product-Brand"">Oakley</H1>",,1,full/e6f4cc2c2f7b67135ba78e2734428b9681ce5321.jpg,0,base,,1,1,1,0,1,full/e6f4cc2c2f7b67135ba78e2734428b9681ce5321.jpg
,Use config,0,1,Pink,full/e6f4cc2c2f7b67135ba78e2734428b9681ce5321.jpg,Product Info Column,,,"http://img.tjmaxx.com/tjx?set=DisplayName[e3],prd[1000019068_NS1003516],ag[no]&call=url[file:tjxrPRD2.chain]",0,1000019080_Pink_XS,1,1,Use config,No layout updates,,No,,ColorAndSize,0,XS,,full/e6f4cc2c2f7b67135ba78e2734428b9681ce5321.jpg,admin,simple,1,,0,,1,,0,,0,,1,0,0,/tjmaxx/clearance/view all,0,0,"<H1 Class=""Product-Brand"">Oakley</H1>",,1,full/e6f4cc2c2f7b67135ba78e2734428b9681ce5321.jpg,0,base,,1,1,1,0,1,full/e6f4cc2c2f7b67135ba78e2734428b9681ce5321.jpg
,Use config,0,1,,full/e6f4cc2c2f7b67135ba78e2734428b9681ce5321.jpg,Product Info Column,,,"http://img.tjmaxx.com/tjx?set=DisplayName[e3],prd[1000019068_NS1003516],ag[no]&call=url[file:tjxrPRD2.chain]",0,1000019080,1,1,Use config,No layout updates,,No,,ColorAndSize,0,,,full/e6f4cc2c2f7b67135ba78e2734428b9681ce5321.jpg,admin,simple,1,,0,"Features: Top Sold Separately, Side Tie, Shape Retention, Sand Resistant, LogoLength: 9inMaterial: Polyester/Nylon/Spandex, Lining: Polyester/SpandexImportedHand Washstyle #:1000019067",1,,0,,0,,1,0,0,/tjmaxx/clearance/view all,0,0,"<H1 Class=""Product-Brand"">Oakley</H1>",,1,full/e6f4cc2c2f7b67135ba78e2734428b9681ce5321.jpg,0,base,,1,1,1,0,1,full/e6f4cc2c2f7b67135ba78e2734428b9681ce5321.jpg
,Use config,0,1,Pink,full/af2eaddd7b398aed383a18d5494563c59b2d6de2.jpg,Product Info Column,,,"http://img.tjmaxx.com/tjx?set=DisplayName[e3],prd[1000019093_NS1003516],ag[no]&call=url[file:tjxrPRD2.chain]",0,1000019098_Pink_S,1,1,Use config,No layout updates,,No,,ColorAndSize,0,S,,full/af2eaddd7b398aed383a18d5494563c59b2d6de2.jpg,admin,simple,1,,0,,1,,0,,0,,1,0,0,/tjmaxx/clearance/view all,0,0,"<H1 Class=""Product-Brand"">Oakley</H1>",,1,full/af2eaddd7b398aed383a18d5494563c59b2d6de2.jpg,0,base,,1,1,1,0,1,full/af2eaddd7b398aed383a18d5494563c59b2d6de2.jpg
,Use config,0,1,Pink,full/af2eaddd7b398aed383a18d5494563c59b2d6de2.jpg,Product Info Column,,,"http://img.tjmaxx.com/tjx?set=DisplayName[e3],prd[1000019093_NS1003516],ag[no]&call=url[file:tjxrPRD2.chain]",0,1000019098_Pink_M,1,1,Use config,No layout updates,,No,,ColorAndSize,0,M,,full/af2eaddd7b398aed383a18d5494563c59b2d6de2.jpg,admin,simple,1,,0,,1,,0,,0,,1,0,0,/tjmaxx/clearance/view all,0,0,"<H1 Class=""Product-Brand"">Oakley</H1>",,1,full/af2eaddd7b398aed383a18d5494563c59b2d6de2.jpg,0,base,,1,1,1,0,1,full/af2eaddd7b398aed383a18d5494563c59b2d6de2.jpg
,Use config,0,1,Green,full/af2eaddd7b398aed383a18d5494563c59b2d6de2.jpg,Product Info Column,,,"http://img.tjmaxx.com/tjx?set=DisplayName[e3],prd[1000019093_NS1003516],ag[no]&call=url[file:tjxrPRD2.chain]",0,1000019098_Green_S,1,1,Use config,No layout updates,,No,,ColorAndSize,0,S,,full/af2eaddd7b398aed383a18d5494563c59b2d6de2.jpg,admin,simple,1,,0,,1,,0,,0,,1,0,0,/tjmaxx/clearance/view all,0,0,"<H1 Class=""Product-Brand"">Oakley</H1>",,1,full/af2eaddd7b398aed383a18d5494563c59b2d6de2.jpg,0,base,,1,1,1,0,1,full/af2eaddd7b398aed383a18d5494563c59b2d6de2.jpg
,Use config,0,1,Green,full/af2eaddd7b398aed383a18d5494563c59b2d6de2.jpg,Product Info Column,,,"http://img.tjmaxx.com/tjx?set=DisplayName[e3],prd[1000019093_NS1003516],ag[no]&call=url[file:tjxrPRD2.chain]",0,1000019098_Green_XS,1,1,Use config,No layout updates,,No,,ColorAndSize,0,XS,,full/af2eaddd7b398aed383a18d5494563c59b2d6de2.jpg,admin,simple,1,,0,,1,,0,,0,,1,0,0,/tjmaxx/clearance/view all,0,0,"<H1 Class=""Product-Brand"">Oakley</H1>",,1,full/af2eaddd7b398aed383a18d5494563c59b2d6de2.jpg,0,base,,1,1,1,0,1,full/af2eaddd7b398aed383a18d5494563c59b2d6de2.jpg
,Use config,0,1,Green,full/af2eaddd7b398aed383a18d5494563c59b2d6de2.jpg,Product Info Column,,,"http://img.tjmaxx.com/tjx?set=DisplayName[e3],prd[1000019093_NS1003516],ag[no]&call=url[file:tjxrPRD2.chain]",0,1000019098_Green_M,1,1,Use config,No layout updates,,No,,ColorAndSize,0,M,,full/af2eaddd7b398aed383a18d5494563c59b2d6de2.jpg,admin,simple,1,,0,,1,,0,,0,,1,0,0,/tjmaxx/clearance/view all,0,0,"<H1 Class=""Product-Brand"">Oakley</H1>",,1,full/af2eaddd7b398aed383a18d5494563c59b2d6de2.jpg,0,base,,1,1,1,0,1,full/af2eaddd7b398aed383a18d5494563c59b2d6de2.jpg
,Use config,0,1,,full/af2eaddd7b398aed383a18d5494563c59b2d6de2.jpg,Product Info Column,,,"http://img.tjmaxx.com/tjx?set=DisplayName[e3],prd[1000019093_NS1003516],ag[no]&call=url[file:tjxrPRD2.chain]",0,1000019098,1,1,Use config,No layout updates,,No,,ColorAndSize,0,,,full/af2eaddd7b398aed383a18d5494563c59b2d6de2.jpg,admin,simple,1,,0,"Features: Reversible, Printed, Bow, Shape Retention, Sand Resistant, Bottom Sold SeparatelyLength: 7inMaterial: Nylon/SpandexImportedHand Washstyle #:1000019093",1,,0,,0,,1,0,0,/tjmaxx/clearance/view all,0,0,"<H1 Class=""Product-Brand"">Oakley</H1>",,1,full/af2eaddd7b398aed383a18d5494563c59b2d6de2.jpg,0,base,,1,1,1,0,1,full/af2eaddd7b398aed383a18d5494563c59b2d6de2.jpg
,Use config,0,1,Ivory,full/31383e06e6cc1ed044ee5b2b26e5bc7bc4957e9f.jpg,Product Info Column,,,"http://img.tjmaxx.com/tjx?set=DisplayName[e3],prd[1000026288_NS1003607],ag[no]&call=url[file:tjxrPRD2.chain]",0,1000026288_Ivory_M,1,1,Use config,No layout updates,,No,,ColorAndSize,0,M,,full/31383e06e6cc1ed044ee5b2b26e5bc7bc4957e9f.jpg,admin,simple,1,,0,,1,,0,,0,,1,0,0,/tjmaxx/clearance/view all,0,0,"<H1 Class=""Product-Brand"">Kim + Cami</H1>",,1,full/31383e06e6cc1ed044ee5b2b26e5bc7bc4957e9f.jpg,0,base,,1,1,1,0,1,full/31383e06e6cc1ed044ee5b2b26e5bc7bc4957e9f.jpg
,Use config,0,1,Navy,full/31383e06e6cc1ed044ee5b2b26e5bc7bc4957e9f.jpg,Product Info Column,,,"http://img.tjmaxx.com/tjx?set=DisplayName[e3],prd[1000026288_NS1003607],ag[no]&call=url[file:tjxrPRD2.chain]",0,1000026288_Navy_M,1,1,Use config,No layout updates,,No,,ColorAndSize,0,M,,full/31383e06e6cc1ed044ee5b2b26e5bc7bc4957e9f.jpg,admin,simple,1,,0,,1,,0,,0,,1,0,0,/tjmaxx/clearance/view all,0,0,"<H1 Class=""Product-Brand"">Kim + Cami</H1>",,1,full/31383e06e6cc1ed044ee5b2b26e5bc7bc4957e9f.jpg,0,base,,1,1,1,0,1,full/31383e06e6cc1ed044ee5b2b26e5bc7bc4957e9f.jpg
,Use config,0,1,Navy,full/31383e06e6cc1ed044ee5b2b26e5bc7bc4957e9f.jpg,Product Info Column,,,"http://img.tjmaxx.com/tjx?set=DisplayName[e3],prd[1000026288_NS1003607],ag[no]&call=url[file:tjxrPRD2.chain]",0,1000026288_Navy_S,1,1,Use config,No layout updates,,No,,ColorAndSize,0,S,,full/31383e06e6cc1ed044ee5b2b26e5bc7bc4957e9f.jpg,admin,simple,1,,0,,1,,0,,0,,1,0,0,/tjmaxx/clearance/view all,0,0,"<H1 Class=""Product-Brand"">Kim + Cami</H1>",,1,full/31383e06e6cc1ed044ee5b2b26e5bc7bc4957e9f.jpg,0,base,,1,1,1,0,1,full/31383e06e6cc1ed044ee5b2b26e5bc7bc4957e9f.jpg
,Use config,0,1,Ivory,full/31383e06e6cc1ed044ee5b2b26e5bc7bc4957e9f.jpg,Product Info Column,,,"http://img.tjmaxx.com/tjx?set=DisplayName[e3],prd[1000026288_NS1003607],ag[no]&call=url[file:tjxrPRD2.chain]",0,1000026288_Ivory_S,1,1,Use config,No layout updates,,No,,ColorAndSize,0,S,,full/31383e06e6cc1ed044ee5b2b26e5bc7bc4957e9f.jpg,admin,simple,1,,0,,1,,0,,0,,1,0,0,/tjmaxx/clearance/view all,0,0,"<H1 Class=""Product-Brand"">Kim + Cami</H1>",,1,full/31383e06e6cc1ed044ee5b2b26e5bc7bc4957e9f.jpg,0,base,,1,1,1,0,1,full/31383e06e6cc1ed044ee5b2b26e5bc7bc4957e9f.jpg
,Use config,0,1,,full/31383e06e6cc1ed044ee5b2b26e5bc7bc4957e9f.jpg,Product Info Column,,,"http://img.tjmaxx.com/tjx?set=DisplayName[e3],prd[1000026288_NS1003607],ag[no]&call=url[file:tjxrPRD2.chain]",0,1000026288,1,1,Use config,No layout updates,,No,,ColorAndSize,0,,,full/31383e06e6cc1ed044ee5b2b26e5bc7bc4957e9f.jpg,admin,simple,1,,0,Sleeve: Short SleeveNeckline: Scoop NeckLength: 26inClosure: Slip OnFeatures: Lace AppliqueMaterial: CottonUSAMachine Washstyle #:1000026288,1,,0,,0,,1,0,0,/tjmaxx/clearance/view all,0,0,"<H1 Class=""Product-Brand"">Kim + Cami</H1>",,1,full/31383e06e6cc1ed044ee5b2b26e5bc7bc4957e9f.jpg,0,base,,1,1,1,0,1,full/31383e06e6cc1ed044ee5b2b26e5bc7bc4957e9f.jpg
